-- phpMyAdmin SQL Dump
-- version 4.8.5
-- https://www.phpmyadmin.net/
--
-- Máy chủ: 127.0.0.1:3308
-- Thời gian đã tạo: Th8 15, 2021 lúc 04:15 AM
-- Phiên bản máy phục vụ: 5.7.26
-- Phiên bản PHP: 7.2.18

SET SQL_MODE = "NO_AUTO_VALUE_ON_ZERO";
SET AUTOCOMMIT = 0;
START TRANSACTION;
SET time_zone = "+00:00";


/*!40101 SET @OLD_CHARACTER_SET_CLIENT=@@CHARACTER_SET_CLIENT */;
/*!40101 SET @OLD_CHARACTER_SET_RESULTS=@@CHARACTER_SET_RESULTS */;
/*!40101 SET @OLD_COLLATION_CONNECTION=@@COLLATION_CONNECTION */;
/*!40101 SET NAMES utf8mb4 */;

--
-- Cơ sở dữ liệu: `nhatrovn`
--
CREATE DATABASE IF NOT EXISTS `nhatrovn` DEFAULT CHARACTER SET utf8 COLLATE utf8_unicode_ci;
USE `nhatrovn`;

-- --------------------------------------------------------

--
-- Cấu trúc bảng cho bảng `admin`
--

-- Table structure for table `activate_code`
--
DROP TABLE IF EXISTS `activate_code`;
CREATE TABLE `activate_code` (
  `Id` int(11) NOT NULL AUTO_INCREMENT,
  `user_id` int(11) NOT NULL,
  `date_expired` datetime NOT NULL,
  `code` varchar(200) COLLATE utf8_bin NOT NULL
  PRIMARY KEY(`Id`)
) ENGINE=InnoDB DEFAULT CHARSET=utf8 COLLATE=utf8_bin;

DROP TABLE IF EXISTS `admin`;
CREATE TABLE IF NOT EXISTS `admin` (
  `Id` int(11) NOT NULL AUTO_INCREMENT,
  `username` varchar(255) COLLATE utf8_bin NOT NULL,
  `email` varchar(255) COLLATE utf8_bin NOT NULL,
  `password` varchar(100) COLLATE utf8_bin NOT NULL,
  `role` int(11) DEFAULT '1',
  PRIMARY KEY (`Id`)
) ENGINE=InnoDB DEFAULT CHARSET=utf8 COLLATE=utf8_bin;

-- --------------------------------------------------------

--
-- Cấu trúc bảng cho bảng `booking`
--

DROP TABLE IF EXISTS `booking`;
CREATE TABLE IF NOT EXISTS `booking` (
  `id` int(11) NOT NULL AUTO_INCREMENT,
  `userID` int(11) NOT NULL,
  `state` int(11) NOT NULL,
  `roomID` int(11) NOT NULL,
  `created_at` datetime NOT NULL DEFAULT CURRENT_TIMESTAMP,
  PRIMARY KEY (`id`),
  KEY `roomID` (`roomID`)
) ENGINE=InnoDB DEFAULT CHARSET=utf8 COLLATE=utf8_bin;

-- --------------------------------------------------------

--
-- Cấu trúc bảng cho bảng `district`
--

DROP TABLE IF EXISTS `district`;
CREATE TABLE IF NOT EXISTS `district` (
  `id` int(10) UNSIGNED NOT NULL,
  `_name` varchar(100) COLLATE utf8_unicode_ci DEFAULT NULL,
  `_prefix` varchar(20) COLLATE utf8_unicode_ci DEFAULT NULL,
  `_province_id` int(10) UNSIGNED DEFAULT NULL,
  PRIMARY KEY (`id`),
  KEY `_province_id` (`_province_id`)
) ENGINE=InnoDB DEFAULT CHARSET=utf8 COLLATE=utf8_unicode_ci;

--
-- Đang đổ dữ liệu cho bảng `district`
--

INSERT INTO `district` (`id`, `_name`, `_prefix`, `_province_id`) VALUES
(1, 'Bình Chánh', 'Huyện', 1),
(2, 'Bình Tân', 'Quận', 1),
(3, 'Bình Thạnh', 'Quận', 1),
(4, 'Cần Giờ', 'Huyện', 1),
(5, 'Củ Chi', 'Huyện', 1),
(6, 'Gò Vấp', 'Quận', 1),
(7, 'Hóc Môn', 'Huyện', 1),
(8, 'Nhà Bè', 'Huyện', 1),
(9, 'Phú Nhuận', 'Quận', 1),
(10, 'Quận 1', '', 1),
(11, 'Quận 10', '', 1),
(12, 'Quận 11', '', 1),
(13, 'Quận 12', '', 1),
(14, 'Quận 2', '', 1),
(15, 'Quận 3', '', 1),
(16, 'Quận 4', '', 1),
(17, 'Quận 5', '', 1),
(18, 'Quận 6', '', 1),
(19, 'Quận 7', '', 1),
(20, 'Quận 8', '', 1),
(21, 'Quận 9', '', 1),
(22, 'Tân Bình', 'Quận', 1),
(23, 'Tân Phú', 'Quận', 1),
(24, 'Thủ Đức', 'Quận', 1),
(25, 'Ba Đình', 'Quận', 2),
(26, 'Ba Vì', 'Huyện', 2),
(27, 'Bắc Từ Liêm', 'Quận', 2),
(28, 'Cầu Giấy', 'Quận', 2),
(29, 'Chương Mỹ', 'Huyện', 2),
(30, 'Đan Phượng', 'Huyện', 2),
(31, 'Đông Anh', 'Huyện', 2),
(32, 'Đống Đa', 'Quận', 2),
(33, 'Gia Lâm', 'Huyện', 2),
(34, 'Hà Đông', 'Quận', 2),
(35, 'Hai Bà Trưng', 'Quận', 2),
(36, 'Hoài Đức', 'Huyện', 2),
(37, 'Hoàn Kiếm', 'Quận', 2),
(38, 'Hoàng Mai', 'Quận', 2),
(39, 'Long Biên', 'Quận', 2),
(40, 'Mê Linh', 'Huyện', 2),
(41, 'Mỹ Đức', 'Huyện', 2),
(42, 'Nam Từ Liêm', 'Quận', 2),
(43, 'Phú Xuyên', 'Huyện', 2),
(44, 'Phúc Thọ', 'Huyện', 2),
(45, 'Quốc Oai', 'Huyện', 2),
(46, 'Sóc Sơn', 'Huyện', 2),
(47, 'Sơn Tây', 'Thị xã', 2),
(48, 'Tây Hồ', 'Quận', 2),
(49, 'Thạch Thất', 'Huyện', 2),
(50, 'Thanh Oai', 'Huyện', 2),
(51, 'Thanh Trì', 'Huyện', 2),
(52, 'Thanh Xuân', 'Quận', 2),
(53, 'Thường Tín', 'Huyện', 2),
(54, 'Ứng Hòa', 'Huyện', 2),
(55, 'Cẩm Lệ', 'Quận', 3),
(56, 'Hải Châu', 'Quận', 3),
(57, 'Hòa Vang', 'Huyện', 3),
(58, 'Hoàng Sa', 'Huyện', 3),
(59, 'Liên Chiểu', 'Quận', 3),
(60, 'Ngũ Hành Sơn', 'Quận', 3),
(61, 'Sơn Trà', 'Quận', 3),
(62, 'Thanh Khê', 'Quận', 3),
(63, 'Bàu Bàng', 'Huyện', 4),
(64, 'Bến Cát', 'Thị xã', 4),
(65, 'Dầu Tiếng', 'Huyện', 4),
(66, 'Dĩ An', 'Thị xã', 4),
(67, 'Phú Giáo', 'Huyện', 4),
(68, 'Tân Uyên', 'Huyện', 4),
(69, 'Thủ Dầu Một', 'Thị xã', 4),
(70, 'Thuận An', 'Huyện', 4),
(71, 'Biên Hòa', 'Thành phố', 5),
(72, 'Cẩm Mỹ', 'Huyện', 5),
(73, 'Định Quán', 'Huyện', 5),
(74, 'Long Khánh', 'Thị xã', 5),
(75, 'Long Thành', 'Huyện', 5),
(76, 'Nhơn Trạch', 'Huyện', 5),
(77, 'Tân Phú', 'Quận', 5),
(78, 'Thống Nhất', 'Huyện', 5),
(79, 'Trảng Bom', 'Huyện', 5),
(80, 'Vĩnh Cửu', 'Huyện', 5),
(81, 'Xuân Lộc', 'Huyện', 5),
(82, 'Cam Lâm', 'Huyện', 6),
(83, 'Cam Ranh', 'Thành phố', 6),
(84, 'Diên Khánh', 'Huyện', 6),
(85, 'Khánh Sơn', 'Huyện', 6),
(86, 'Khánh Vĩnh', 'Huyện', 6),
(87, 'Nha Trang', 'Thành phố', 6),
(88, 'Ninh Hòa', 'Thị xã', 6),
(89, 'Trường Sa', 'Huyện', 6),
(90, 'Vạn Ninh', 'Huyện', 6),
(91, 'An Dương', 'Huyện', 7),
(92, 'An Lão', 'Huyện', 7),
(93, 'Bạch Long Vĩ', 'Huyện', 7),
(94, 'Cát Hải', 'Huyện', 7),
(95, 'Đồ Sơn', 'Quận', 7),
(96, 'Dương Kinh', 'Quận', 7),
(97, 'Hải An', 'Quận', 7),
(98, 'Hồng Bàng', 'Quận', 7),
(99, 'Kiến An', 'Quận', 7),
(100, 'Kiến Thụy', 'Huyện', 7),
(101, 'Lê Chân', 'Quận', 7),
(102, 'Ngô Quyền', 'Quận', 7),
(103, 'Thủy Nguyên', 'Huyện', 7),
(104, 'Tiên Lãng', 'Huyện', 7),
(105, 'Vĩnh Bảo', 'Huyện', 7),
(106, 'Bến Lức', 'Huyện', 8),
(107, 'Cần Đước', 'Huyện', 8),
(108, 'Cần Giuộc', 'Huyện', 8),
(109, 'Châu Thành', 'Huyện', 8),
(110, 'Đức Hòa', 'Huyện', 8),
(111, 'Đức Huệ', 'Huyện', 8),
(112, 'Kiến Tường', 'Thị xã', 8),
(113, 'Mộc Hóa', 'Huyện', 8),
(114, 'Tân An', 'Thành phố', 8),
(115, 'Tân Hưng', 'Huyện', 8),
(116, 'Tân Thạnh', 'Huyện', 8),
(117, 'Tân Trụ', 'Huyện', 8),
(118, 'Thạnh Hóa', 'Huyện', 8),
(119, 'Thủ Thừa', 'Huyện', 8),
(120, 'Vĩnh Hưng', 'Huyện', 8),
(121, 'Bắc Trà My', 'Huyện', 9),
(122, 'Đại Lộc', 'Huyện', 9),
(123, 'Điện Bàn', 'Huyện', 9),
(124, 'Đông Giang', 'Huyện', 9),
(125, 'Duy Xuyên', 'Huyện', 9),
(126, 'Hiệp Đức', 'Huyện', 9),
(127, 'Hội An', 'Thành phố', 9),
(128, 'Nam Giang', 'Huyện', 9),
(129, 'Nam Trà My', 'Huyện', 9),
(130, 'Nông Sơn', 'Huyện', 9),
(131, 'Núi Thành', 'Huyện', 9),
(132, 'Phú Ninh', 'Huyện', 9),
(133, 'Phước Sơn', 'Huyện', 9),
(134, 'Quế Sơn', 'Huyện', 9),
(135, 'Tam Kỳ', 'Thành phố', 9),
(136, 'Tây Giang', 'Huyện', 9),
(137, 'Thăng Bình', 'Huyện', 9),
(138, 'Tiên Phước', 'Huyện', 9),
(139, 'Bà Rịa', 'Thị xã', 10),
(140, 'Châu Đức', 'Huyện', 10),
(141, 'Côn Đảo', 'Huyện', 10),
(142, 'Đất Đỏ', 'Huyện', 10),
(143, 'Long Điền', 'Huyện', 10),
(144, 'Tân Thành', 'Huyện', 10),
(145, 'Vũng Tàu', 'Thành phố', 10),
(146, 'Xuyên Mộc', 'Huyện', 10),
(147, 'Buôn Đôn', 'Huyện', 11),
(148, 'Buôn Hồ', 'Thị xã', 11),
(149, 'Buôn Ma Thuột', 'Thành phố', 11),
(150, 'Cư Kuin', 'Huyện', 11),
(151, 'Cư M\'gar', 'Huyện', 11),
(152, 'Ea H\'Leo', 'Huyện', 11),
(153, 'Ea Kar', 'Huyện', 11),
(154, 'Ea Súp', 'Huyện', 11),
(155, 'Krông Ana', 'Huyện', 11),
(156, 'Krông Bông', 'Huyện', 11),
(157, 'Krông Buk', 'Huyện', 11),
(158, 'Krông Năng', 'Huyện', 11),
(159, 'Krông Pắc', 'Huyện', 11),
(160, 'Lăk', 'Huyện', 11),
(161, 'M\'Đrăk', 'Huyện', 11),
(162, ' Thới Lai', 'Huyện', 12),
(163, 'Bình Thủy', 'Quận', 12),
(164, 'Cái Răng', 'Quận', 12),
(165, 'Cờ Đỏ', 'Huyện', 12),
(166, 'Ninh Kiều', 'Quận', 12),
(167, 'Ô Môn', 'Quận', 12),
(168, 'Phong Điền', 'Huyện', 12),
(169, 'Thốt Nốt', 'Quận', 12),
(170, 'Vĩnh Thạnh', 'Huyện', 12),
(171, 'Bắc Bình', 'Huyện', 13),
(172, 'Đảo Phú Quý', 'Huyện', 13),
(173, 'Đức Linh', 'Huyện', 13),
(174, 'Hàm Tân', 'Huyện', 13),
(175, 'Hàm Thuận Bắc', 'Huyện', 13),
(176, 'Hàm Thuận Nam', 'Huyện', 13),
(177, 'La Gi', 'Thị xã', 13),
(178, 'Phan Thiết', 'Thành phố', 13),
(179, 'Tánh Linh', 'Huyện', 13),
(180, 'Tuy Phong', 'Huyện', 13),
(181, 'Bảo Lâm', 'Huyện', 14),
(182, 'Bảo Lộc', 'Thành phố', 14),
(183, 'Cát Tiên', 'Huyện', 14),
(184, 'Đạ Huoai', 'Huyện', 14),
(185, 'Đà Lạt', 'Thành phố', 14),
(186, 'Đạ Tẻh', 'Huyện', 14),
(187, 'Đam Rông', 'Huyện', 14),
(188, 'Di Linh', 'Huyện', 14),
(189, 'Đơn Dương', 'Huyện', 14),
(190, 'Đức Trọng', 'Huyện', 14),
(191, 'Lạc Dương', 'Huyện', 14),
(192, 'Lâm Hà', 'Huyện', 14),
(193, 'A Lưới', 'Huyện', 15),
(194, 'Huế', 'Thành phố', 15),
(195, 'Hương Thủy', 'Thị xã', 15),
(196, 'Hương Trà', 'Huyện', 15),
(197, 'Nam Đông', 'Huyện', 15),
(198, 'Phong Điền', 'Huyện', 15),
(199, 'Phú Lộc', 'Huyện', 15),
(200, 'Phú Vang', 'Huyện', 15),
(201, 'Quảng Điền', 'Huyện', 15),
(202, 'An Biên', 'Huyện', 16),
(203, 'An Minh', 'Huyện', 16),
(204, 'Châu Thành', 'Huyện', 16),
(205, 'Giang Thành', 'Huyện', 16),
(206, 'Giồng Riềng', 'Huyện', 16),
(207, 'Gò Quao', 'Huyện', 16),
(208, 'Hà Tiên', 'Thị xã', 16),
(209, 'Hòn Đất', 'Huyện', 16),
(210, 'Kiên Hải', 'Huyện', 16),
(211, 'Kiên Lương', 'Huyện', 16),
(212, 'Phú Quốc', 'Huyện', 16),
(213, 'Rạch Giá', 'Thành phố', 16),
(214, 'Tân Hiệp', 'Huyện', 16),
(215, 'U minh Thượng', 'Huyện', 16),
(216, 'Vĩnh Thuận', 'Huyện', 16),
(217, 'Bắc Ninh', 'Thành phố', 17),
(218, 'Gia Bình', 'Huyện', 17),
(219, 'Lương Tài', 'Huyện', 17),
(220, 'Quế Võ', 'Huyện', 17),
(221, 'Thuận Thành', 'Huyện', 17),
(222, 'Tiên Du', 'Huyện', 17),
(223, 'Từ Sơn', 'Thị xã', 17),
(224, 'Yên Phong', 'Huyện', 17),
(225, 'Ba Chẽ', 'Huyện', 18),
(226, 'Bình Liêu', 'Huyện', 18),
(227, 'Cẩm Phả', 'Thành phố', 18),
(228, 'Cô Tô', 'Huyện', 18),
(229, 'Đầm Hà', 'Huyện', 18),
(230, 'Đông Triều', 'Huyện', 18),
(231, 'Hạ Long', 'Thành phố', 18),
(232, 'Hải Hà', 'Huyện', 18),
(233, 'Hoành Bồ', 'Huyện', 18),
(234, 'Móng Cái', 'Thành phố', 18),
(235, 'Quảng Yên', 'Huyện', 18),
(236, 'Tiên Yên', 'Huyện', 18),
(237, 'Uông Bí', 'Thị xã', 18),
(238, 'Vân Đồn', 'Huyện', 18),
(239, 'Bá Thước', 'Huyện', 19),
(240, 'Bỉm Sơn', 'Thị xã', 19),
(241, 'Cẩm Thủy', 'Huyện', 19),
(242, 'Đông Sơn', 'Huyện', 19),
(243, 'Hà Trung', 'Huyện', 19),
(244, 'Hậu Lộc', 'Huyện', 19),
(245, 'Hoằng Hóa', 'Huyện', 19),
(246, 'Lang Chánh', 'Huyện', 19),
(247, 'Mường Lát', 'Huyện', 19),
(248, 'Nga Sơn', 'Huyện', 19),
(249, 'Ngọc Lặc', 'Huyện', 19),
(250, 'Như Thanh', 'Huyện', 19),
(251, 'Như Xuân', 'Huyện', 19),
(252, 'Nông Cống', 'Huyện', 19),
(253, 'Quan Hóa', 'Huyện', 19),
(254, 'Quan Sơn', 'Huyện', 19),
(255, 'Quảng Xương', 'Huyện', 19),
(256, 'Sầm Sơn', 'Thị xã', 19),
(257, 'Thạch Thành', 'Huyện', 19),
(258, 'Thanh Hóa', 'Thành phố', 19),
(259, 'Thiệu Hóa', 'Huyện', 19),
(260, 'Thọ Xuân', 'Huyện', 19),
(261, 'Thường Xuân', 'Huyện', 19),
(262, 'Tĩnh Gia', 'Huyện', 19),
(263, 'Triệu Sơn', 'Huyện', 19),
(264, 'Vĩnh Lộc', 'Huyện', 19),
(265, 'Yên Định', 'Huyện', 19),
(266, 'Anh Sơn', 'Huyện', 20),
(267, 'Con Cuông', 'Huyện', 20),
(268, 'Cửa Lò', 'Thị xã', 20),
(269, 'Diễn Châu', 'Huyện', 20),
(270, 'Đô Lương', 'Huyện', 20),
(271, 'Hoàng Mai', 'Thị xã', 20),
(272, 'Hưng Nguyên', 'Huyện', 20),
(273, 'Kỳ Sơn', 'Huyện', 20),
(274, 'Nam Đàn', 'Huyện', 20),
(275, 'Nghi Lộc', 'Huyện', 20),
(276, 'Nghĩa Đàn', 'Huyện', 20),
(277, 'Quế Phong', 'Huyện', 20),
(278, 'Quỳ Châu', 'Huyện', 20),
(279, 'Quỳ Hợp', 'Huyện', 20),
(280, 'Quỳnh Lưu', 'Huyện', 20),
(281, 'Tân Kỳ', 'Huyện', 20),
(282, 'Thái Hòa', 'Thị xã', 20),
(283, 'Thanh Chương', 'Huyện', 20),
(284, 'Tương Dương', 'Huyện', 20),
(285, 'Vinh', 'Thành phố', 20),
(286, 'Yên Thành', 'Huyện', 20),
(287, 'Bình Giang', 'Huyện', 21),
(288, 'Cẩm Giàng', 'Huyện', 21),
(289, 'Chí Linh', 'Thị xã', 21),
(290, 'Gia Lộc', 'Huyện', 21),
(291, 'Hải Dương', 'Thành phố', 21),
(292, 'Kim Thành', 'Huyện', 21),
(293, 'Kinh Môn', 'Huyện', 21),
(294, 'Nam Sách', 'Huyện', 21),
(295, 'Ninh Giang', 'Huyện', 21),
(296, 'Thanh Hà', 'Huyện', 21),
(297, 'Thanh Miện', 'Huyện', 21),
(298, 'Tứ Kỳ', 'Huyện', 21),
(299, 'An Khê', 'Thị xã', 22),
(300, 'AYun Pa', 'Thị xã', 22),
(301, 'Chư Păh', 'Huyện', 22),
(302, 'Chư Pưh', 'Huyện', 22),
(303, 'Chư Sê', 'Huyện', 22),
(304, 'ChưPRông', 'Huyện', 22),
(305, 'Đăk Đoa', 'Huyện', 22),
(306, 'Đăk Pơ', 'Huyện', 22),
(307, 'Đức Cơ', 'Huyện', 22),
(308, 'Ia Grai', 'Huyện', 22),
(309, 'Ia Pa', 'Huyện', 22),
(310, 'KBang', 'Huyện', 22),
(311, 'Kông Chro', 'Huyện', 22),
(312, 'Krông Pa', 'Huyện', 22),
(313, 'Mang Yang', 'Huyện', 22),
(314, 'Phú Thiện', 'Huyện', 22),
(315, 'Plei Ku', 'Thành phố', 22),
(316, 'Bình Long', 'Thị xã', 23),
(317, 'Bù Đăng', 'Huyện', 23),
(318, 'Bù Đốp', 'Huyện', 23),
(319, 'Bù Gia Mập', 'Huyện', 23),
(320, 'Chơn Thành', 'Huyện', 23),
(321, 'Đồng Phú', 'Huyện', 23),
(322, 'Đồng Xoài', 'Thị xã', 23),
(323, 'Hớn Quản', 'Huyện', 23),
(324, 'Lộc Ninh', 'Huyện', 23),
(325, 'Phú Riềng', 'Huyện', 23),
(326, 'Phước Long', 'Thị xã', 23),
(327, 'Ân Thi', 'Huyện', 24),
(328, 'Hưng Yên', 'Thành phố', 24),
(329, 'Khoái Châu', 'Huyện', 24),
(330, 'Kim Động', 'Huyện', 24),
(331, 'Mỹ Hào', 'Huyện', 24),
(332, 'Phù Cừ', 'Huyện', 24),
(333, 'Tiên Lữ', 'Huyện', 24),
(334, 'Văn Giang', 'Huyện', 24),
(335, 'Văn Lâm', 'Huyện', 24),
(336, 'Yên Mỹ', 'Huyện', 24),
(337, 'An Lão', 'Huyện', 25),
(338, 'An Nhơn', 'Huyện', 25),
(339, 'Hoài Ân', 'Huyện', 25),
(340, 'Hoài Nhơn', 'Huyện', 25),
(341, 'Phù Cát', 'Huyện', 25),
(342, 'Phù Mỹ', 'Huyện', 25),
(343, 'Quy Nhơn', 'Thành phố', 25),
(344, 'Tây Sơn', 'Huyện', 25),
(345, 'Tuy Phước', 'Huyện', 25),
(346, 'Vân Canh', 'Huyện', 25),
(347, 'Vĩnh Thạnh', 'Huyện', 25),
(348, 'Cái Bè', 'Huyện', 26),
(349, 'Cai Lậy', 'Thị xã', 26),
(350, 'Châu Thành', 'Huyện', 26),
(351, 'Chợ Gạo', 'Huyện', 26),
(352, 'Gò Công', 'Thị xã', 26),
(353, 'Gò Công Đông', 'Huyện', 26),
(354, 'Gò Công Tây', 'Huyện', 26),
(355, 'Huyện Cai Lậy', 'Huyện', 26),
(356, 'Mỹ Tho', 'Thành phố', 26),
(357, 'Tân Phú Đông', 'Huyện', 26),
(358, 'Tân Phước', 'Huyện', 26),
(359, 'Đông Hưng', 'Huyện', 27),
(360, 'Hưng Hà', 'Huyện', 27),
(361, 'Kiến Xương', 'Huyện', 27),
(362, 'Quỳnh Phụ', 'Huyện', 27),
(363, 'Thái Bình', 'Thành phố', 27),
(364, 'Thái Thuỵ', 'Huyện', 27),
(365, 'Tiền Hải', 'Huyện', 27),
(366, 'Vũ Thư', 'Huyện', 27),
(367, 'Bắc Giang', 'Thành phố', 28),
(368, 'Hiệp Hòa', 'Huyện', 28),
(369, 'Lạng Giang', 'Huyện', 28),
(370, 'Lục Nam', 'Huyện', 28),
(371, 'Lục Ngạn', 'Huyện', 28),
(372, 'Sơn Động', 'Huyện', 28),
(373, 'Tân Yên', 'Huyện', 28),
(374, 'Việt Yên', 'Huyện', 28),
(375, 'Yên Dũng', 'Huyện', 28),
(376, 'Yên Thế', 'Huyện', 28),
(377, 'Cao Phong', 'Huyện', 29),
(378, 'Đà Bắc', 'Huyện', 29),
(379, 'Hòa Bình', 'Thành phố', 29),
(380, 'Kim Bôi', 'Huyện', 29),
(381, 'Kỳ Sơn', 'Huyện', 29),
(382, 'Lạc Sơn', 'Huyện', 29),
(383, 'Lạc Thủy', 'Huyện', 29),
(384, 'Lương Sơn', 'Huyện', 29),
(385, 'Mai Châu', 'Huyện', 29),
(386, 'Tân Lạc', 'Huyện', 29),
(387, 'Yên Thủy', 'Huyện', 29),
(388, 'An Phú', 'Huyện', 30),
(389, 'Châu Đốc', 'Thị xã', 30),
(390, 'Châu Phú', 'Huyện', 30),
(391, 'Châu Thành', 'Huyện', 30),
(392, 'Chợ Mới', 'Huyện', 30),
(393, 'Long Xuyên', 'Thành phố', 30),
(394, 'Phú Tân', 'Huyện', 30),
(395, 'Tân Châu', 'Thị xã', 30),
(396, 'Thoại Sơn', 'Huyện', 30),
(397, 'Tịnh Biên', 'Huyện', 30),
(398, 'Tri Tôn', 'Huyện', 30),
(399, 'Bình Xuyên', 'Huyện', 31),
(400, 'Lập Thạch', 'Huyện', 31),
(401, 'Phúc Yên', 'Thị xã', 31),
(402, 'Sông Lô', 'Huyện', 31),
(403, 'Tam Đảo', 'Huyện', 31),
(404, 'Tam Dương', 'Huyện', 31),
(405, 'Vĩnh Tường', 'Huyện', 31),
(406, 'Vĩnh Yên', 'Thành phố', 31),
(407, 'Yên Lạc', 'Huyện', 31),
(408, 'Bến Cầu', 'Huyện', 32),
(409, 'Châu Thành', 'Huyện', 32),
(410, 'Dương Minh Châu', 'Huyện', 32),
(411, 'Gò Dầu', 'Huyện', 32),
(412, 'Hòa Thành', 'Huyện', 32),
(413, 'Tân Biên', 'Huyện', 32),
(414, 'Tân Châu', 'Huyện', 32),
(415, 'Tây Ninh', 'Thị xã', 32),
(416, 'Trảng Bàng', 'Huyện', 32),
(417, 'Đại Từ', 'Huyện', 33),
(418, 'Định Hóa', 'Huyện', 33),
(419, 'Đồng Hỷ', 'Huyện', 33),
(420, 'Phổ Yên', 'Huyện', 33),
(421, 'Phú Bình', 'Huyện', 33),
(422, 'Phú Lương', 'Huyện', 33),
(423, 'Sông Công', 'Thị xã', 33),
(424, 'Thái Nguyên', 'Thành phố', 33),
(425, 'Võ Nhai', 'Huyện', 33),
(426, 'Bắc Hà', 'Huyện', 34),
(427, 'Bảo Thắng', 'Huyện', 34),
(428, 'Bảo Yên', 'Huyện', 34),
(429, 'Bát Xát', 'Huyện', 34),
(430, 'Lào Cai', 'Thành phố', 34),
(431, 'Mường Khương', 'Huyện', 34),
(432, 'Sa Pa', 'Huyện', 34),
(433, 'Văn Bàn', 'Huyện', 34),
(434, 'Xi Ma Cai', 'Huyện', 34),
(435, 'Giao Thủy', 'Huyện', 35),
(436, 'Hải Hậu', 'Huyện', 35),
(437, 'Mỹ Lộc', 'Huyện', 35),
(438, 'Nam Định', 'Thành phố', 35),
(439, 'Nam Trực', 'Huyện', 35),
(440, 'Nghĩa Hưng', 'Huyện', 35),
(441, 'Trực Ninh', 'Huyện', 35),
(442, 'Vụ Bản', 'Huyện', 35),
(443, 'Xuân Trường', 'Huyện', 35),
(444, 'Ý Yên', 'Huyện', 35),
(445, 'Ba Tơ', 'Huyện', 36),
(446, 'Bình Sơn', 'Huyện', 36),
(447, 'Đức Phổ', 'Huyện', 36),
(448, 'Lý Sơn', 'Huyện', 36),
(449, 'Minh Long', 'Huyện', 36),
(450, 'Mộ Đức', 'Huyện', 36),
(451, 'Nghĩa Hành', 'Huyện', 36),
(452, 'Quảng Ngãi', 'Thành phố', 36),
(453, 'Sơn Hà', 'Huyện', 36),
(454, 'Sơn Tây', 'Huyện', 36),
(455, 'Sơn Tịnh', 'Huyện', 36),
(456, 'Tây Trà', 'Huyện', 36),
(457, 'Trà Bồng', 'Huyện', 36),
(458, 'Tư Nghĩa', 'Huyện', 36),
(459, 'Ba Tri', 'Huyện', 37),
(460, 'Bến Tre', 'Thành phố', 37),
(461, 'Bình Đại', 'Huyện', 37),
(462, 'Châu Thành', 'Huyện', 37),
(463, 'Chợ Lách', 'Huyện', 37),
(464, 'Giồng Trôm', 'Huyện', 37),
(465, 'Mỏ Cày Bắc', 'Huyện', 37),
(466, 'Mỏ Cày Nam', 'Huyện', 37),
(467, 'Thạnh Phú', 'Huyện', 37),
(468, 'Cư Jút', 'Huyện', 38),
(469, 'Dăk GLong', 'Huyện', 38),
(470, 'Dăk Mil', 'Huyện', 38),
(471, 'Dăk R\'Lấp', 'Huyện', 38),
(472, 'Dăk Song', 'Huyện', 38),
(473, 'Gia Nghĩa', 'Thị xã', 38),
(474, 'Krông Nô', 'Huyện', 38),
(475, 'Tuy Đức', 'Huyện', 38),
(476, 'Cà Mau', 'Thành phố', 39),
(477, 'Cái Nước', 'Huyện', 39),
(478, 'Đầm Dơi', 'Huyện', 39),
(479, 'Năm Căn', 'Huyện', 39),
(480, 'Ngọc Hiển', 'Huyện', 39),
(481, 'Phú Tân', 'Huyện', 39),
(482, 'Thới Bình', 'Huyện', 39),
(483, 'Trần Văn Thời', 'Huyện', 39),
(484, 'U Minh', 'Huyện', 39),
(485, 'Bình Minh', 'Huyện', 40),
(486, 'Bình Tân', 'Quận', 40),
(487, 'Long Hồ', 'Huyện', 40),
(488, 'Mang Thít', 'Huyện', 40),
(489, 'Tam Bình', 'Huyện', 40),
(490, 'Trà Ôn', 'Huyện', 40),
(491, 'Vĩnh Long', 'Thành phố', 40),
(492, 'Vũng Liêm', 'Huyện', 40),
(493, 'Gia Viễn', 'Huyện', 41),
(494, 'Hoa Lư', 'Huyện', 41),
(495, 'Kim Sơn', 'Huyện', 41),
(496, 'Nho Quan', 'Huyện', 41),
(497, 'Ninh Bình', 'Thành phố', 41),
(498, 'Tam Điệp', 'Thị xã', 41),
(499, 'Yên Khánh', 'Huyện', 41),
(500, 'Yên Mô', 'Huyện', 41),
(501, 'Cẩm Khê', 'Huyện', 42),
(502, 'Đoan Hùng', 'Huyện', 42),
(503, 'Hạ Hòa', 'Huyện', 42),
(504, 'Lâm Thao', 'Huyện', 42),
(505, 'Phù Ninh', 'Huyện', 42),
(506, 'Phú Thọ', 'Thị xã', 42),
(507, 'Tam Nông', 'Huyện', 42),
(508, 'Tân Sơn', 'Huyện', 42),
(509, 'Thanh Ba', 'Huyện', 42),
(510, 'Thanh Sơn', 'Huyện', 42),
(511, 'Thanh Thủy', 'Huyện', 42),
(512, 'Việt Trì', 'Thành phố', 42),
(513, 'Yên Lập', 'Huyện', 42),
(514, 'Bác Ái', 'Huyện', 43),
(515, 'Ninh Hải', 'Huyện', 43),
(516, 'Ninh Phước', 'Huyện', 43),
(517, 'Ninh Sơn', 'Huyện', 43),
(518, 'Phan Rang - Tháp Chàm', 'Thành phố', 43),
(519, 'Thuận Bắc', 'Huyện', 43),
(520, 'Thuận Nam', 'Huyện', 43),
(521, 'Đông Hòa', 'Huyện', 44),
(522, 'Đồng Xuân', 'Huyện', 44),
(523, 'Phú Hòa', 'Huyện', 44),
(524, 'Sơn Hòa', 'Huyện', 44),
(525, 'Sông Cầu', 'Thị xã', 44),
(526, 'Sông Hinh', 'Huyện', 44),
(527, 'Tây Hòa', 'Huyện', 44),
(528, 'Tuy An', 'Huyện', 44),
(529, 'Tuy Hòa', 'Thành phố', 44),
(530, 'Bình Lục', 'Huyện', 45),
(531, 'Duy Tiên', 'Huyện', 45),
(532, 'Kim Bảng', 'Huyện', 45),
(533, 'Lý Nhân', 'Huyện', 45),
(534, 'Phủ Lý', 'Thành phố', 45),
(535, 'Thanh Liêm', 'Huyện', 45),
(536, 'Cẩm Xuyên', 'Huyện', 46),
(537, 'Can Lộc', 'Huyện', 46),
(538, 'Đức Thọ', 'Huyện', 46),
(539, 'Hà Tĩnh', 'Thành phố', 46),
(540, 'Hồng Lĩnh', 'Thị xã', 46),
(541, 'Hương Khê', 'Huyện', 46),
(542, 'Hương Sơn', 'Huyện', 46),
(543, 'Kỳ Anh', 'Huyện', 46),
(544, 'Lộc Hà', 'Huyện', 46),
(545, 'Nghi Xuân', 'Huyện', 46),
(546, 'Thạch Hà', 'Huyện', 46),
(547, 'Vũ Quang', 'Huyện', 46),
(548, 'Cao Lãnh', 'Thành phố', 47),
(549, 'Châu Thành', 'Huyện', 47),
(550, 'Hồng Ngự', 'Thị xã', 47),
(551, 'Huyện Cao Lãnh', 'Huyện', 47),
(552, 'Huyện Hồng Ngự', 'Huyện', 47),
(553, 'Lai Vung', 'Huyện', 47),
(554, 'Lấp Vò', 'Huyện', 47),
(555, 'Sa Đéc', 'Thị xã', 47),
(556, 'Tam Nông', 'Huyện', 47),
(557, 'Tân Hồng', 'Huyện', 47),
(558, 'Thanh Bình', 'Huyện', 47),
(559, 'Tháp Mười', 'Huyện', 47),
(560, 'Châu Thành', 'Huyện', 48),
(561, 'Cù Lao Dung', 'Huyện', 48),
(562, 'Kế Sách', 'Huyện', 48),
(563, 'Long Phú', 'Huyện', 48),
(564, 'Mỹ Tú', 'Huyện', 48),
(565, 'Mỹ Xuyên', 'Huyện', 48),
(566, 'Ngã Năm', 'Huyện', 48),
(567, 'Sóc Trăng', 'Thành phố', 48),
(568, 'Thạnh Trị', 'Huyện', 48),
(569, 'Trần Đề', 'Huyện', 48),
(570, 'Vĩnh Châu', 'Huyện', 48),
(571, 'Đăk Glei', 'Huyện', 49),
(572, 'Đăk Hà', 'Huyện', 49),
(573, 'Đăk Tô', 'Huyện', 49),
(574, 'Ia H\'Drai', 'Huyện', 49),
(575, 'Kon Plông', 'Huyện', 49),
(576, 'Kon Rẫy', 'Huyện', 49),
(577, 'KonTum', 'Thành phố', 49),
(578, 'Ngọc Hồi', 'Huyện', 49),
(579, 'Sa Thầy', 'Huyện', 49),
(580, 'Tu Mơ Rông', 'Huyện', 49),
(581, 'Ba Đồn', 'Thị xã', 50),
(582, 'Bố Trạch', 'Huyện', 50),
(583, 'Đồng Hới', 'Thành phố', 50),
(584, 'Lệ Thủy', 'Huyện', 50),
(585, 'Minh Hóa', 'Huyện', 50),
(586, 'Quảng Ninh', 'Huyện', 50),
(587, 'Quảng Trạch', 'Huyện', 50),
(588, 'Tuyên Hóa', 'Huyện', 50),
(589, 'Cam Lộ', 'Huyện', 51),
(590, 'Đa Krông', 'Huyện', 51),
(591, 'Đảo Cồn cỏ', 'Huyện', 51),
(592, 'Đông Hà', 'Thành phố', 51),
(593, 'Gio Linh', 'Huyện', 51),
(594, 'Hải Lăng', 'Huyện', 51),
(595, 'Hướng Hóa', 'Huyện', 51),
(596, 'Quảng Trị', 'Thị xã', 51),
(597, 'Triệu Phong', 'Huyện', 51),
(598, 'Vĩnh Linh', 'Huyện', 51),
(599, 'Càng Long', 'Huyện', 52),
(600, 'Cầu Kè', 'Huyện', 52),
(601, 'Cầu Ngang', 'Huyện', 52),
(602, 'Châu Thành', 'Huyện', 52),
(603, 'Duyên Hải', 'Huyện', 52),
(604, 'Tiểu Cần', 'Huyện', 52),
(605, 'Trà Cú', 'Huyện', 52),
(606, 'Trà Vinh', 'Thành phố', 52),
(607, 'Châu Thành', 'Huyện', 53),
(608, 'Châu Thành A', 'Huyện', 53),
(609, 'Long Mỹ', 'Huyện', 53),
(610, 'Ngã Bảy', 'Thị xã', 53),
(611, 'Phụng Hiệp', 'Huyện', 53),
(612, 'Vị Thanh', 'Thành phố', 53),
(613, 'Vị Thủy', 'Huyện', 53),
(614, 'Bắc Yên', 'Huyện', 54),
(615, 'Mai Sơn', 'Huyện', 54),
(616, 'Mộc Châu', 'Huyện', 54),
(617, 'Mường La', 'Huyện', 54),
(618, 'Phù Yên', 'Huyện', 54),
(619, 'Quỳnh Nhai', 'Huyện', 54),
(620, 'Sơn La', 'Thành phố', 54),
(621, 'Sông Mã', 'Huyện', 54),
(622, 'Sốp Cộp', 'Huyện', 54),
(623, 'Thuận Châu', 'Huyện', 54),
(624, 'Vân Hồ', 'Huyện', 54),
(625, 'Yên Châu', 'Huyện', 54),
(626, 'Bạc Liêu', 'Thành phố', 55),
(627, 'Đông Hải', 'Huyện', 55),
(628, 'Giá Rai', 'Huyện', 55),
(629, 'Hòa Bình', 'Huyện', 55),
(630, 'Hồng Dân', 'Huyện', 55),
(631, 'Phước Long', 'Huyện', 55),
(632, 'Vĩnh Lợi', 'Huyện', 55),
(633, 'Lục Yên', 'Huyện', 56),
(634, 'Mù Cang Chải', 'Huyện', 56),
(635, 'Nghĩa Lộ', 'Thị xã', 56),
(636, 'Trạm Tấu', 'Huyện', 56),
(637, 'Trấn Yên', 'Huyện', 56),
(638, 'Văn Chấn', 'Huyện', 56),
(639, 'Văn Yên', 'Huyện', 56),
(640, 'Yên Bái', 'Thành phố', 56),
(641, 'Yên Bình', 'Huyện', 56),
(642, 'Chiêm Hóa', 'Huyện', 57),
(643, 'Hàm Yên', 'Huyện', 57),
(644, 'Lâm Bình', 'Huyện', 57),
(645, 'Na Hang', 'Huyện', 57),
(646, 'Sơn Dương', 'Huyện', 57),
(647, 'Tuyên Quang', 'Thành phố', 57),
(648, 'Yên Sơn', 'Huyện', 57),
(649, 'Điện Biên', 'Huyện', 58),
(650, 'Điện Biên Đông', 'Huyện', 58),
(651, 'Điện Biên Phủ', 'Thành phố', 58),
(652, 'Mường Ảng', 'Huyện', 58),
(653, 'Mường Chà', 'Huyện', 58),
(654, 'Mường Lay', 'Thị xã', 58),
(655, 'Mường Nhé', 'Huyện', 58),
(656, 'Nậm Pồ', 'Huyện', 58),
(657, 'Tủa Chùa', 'Huyện', 58),
(658, 'Tuần Giáo', 'Huyện', 58),
(659, 'Lai Châu', 'Thị xã', 59),
(660, 'Mường Tè', 'Huyện', 59),
(661, 'Nậm Nhùn', 'Huyện', 59),
(662, 'Phong Thổ', 'Huyện', 59),
(663, 'Sìn Hồ', 'Huyện', 59),
(664, 'Tam Đường', 'Huyện', 59),
(665, 'Tân Uyên', 'Huyện', 59),
(666, 'Than Uyên', 'Huyện', 59),
(667, 'Bắc Sơn', 'Huyện', 60),
(668, 'Bình Gia', 'Huyện', 60),
(669, 'Cao Lộc', 'Huyện', 60),
(670, 'Chi Lăng', 'Huyện', 60),
(671, 'Đình Lập', 'Huyện', 60),
(672, 'Hữu Lũng', 'Huyện', 60),
(673, 'Lạng Sơn', 'Thành phố', 60),
(674, 'Lộc Bình', 'Huyện', 60),
(675, 'Tràng Định', 'Huyện', 60),
(676, 'Văn Lãng', 'Huyện', 60),
(677, 'Văn Quan', 'Huyện', 60),
(678, 'Bắc Mê', 'Huyện', 61),
(679, 'Bắc Quang', 'Huyện', 61),
(680, 'Đồng Văn', 'Huyện', 61),
(681, 'Hà Giang', 'Thành phố', 61),
(682, 'Hoàng Su Phì', 'Huyện', 61),
(683, 'Mèo Vạc', 'Huyện', 61),
(684, 'Quản Bạ', 'Huyện', 61),
(685, 'Quang Bình', 'Huyện', 61),
(686, 'Vị Xuyên', 'Huyện', 61),
(687, 'Xín Mần', 'Huyện', 61),
(688, 'Yên Minh', 'Huyện', 61),
(689, 'Ba Bể', 'Huyện', 62),
(690, 'Bắc Kạn', 'Thị xã', 62),
(691, 'Bạch Thông', 'Huyện', 62),
(692, 'Chợ Đồn', 'Huyện', 62),
(693, 'Chợ Mới', 'Huyện', 62),
(694, 'Na Rì', 'Huyện', 62),
(695, 'Ngân Sơn', 'Huyện', 62),
(696, 'Pác Nặm', 'Huyện', 62),
(697, 'Bảo Lạc', 'Huyện', 63),
(698, 'Bảo Lâm', 'Huyện', 63),
(699, 'Cao Bằng', 'Thị xã', 63),
(700, 'Hạ Lang', 'Huyện', 63),
(701, 'Hà Quảng', 'Huyện', 63),
(702, 'Hòa An', 'Huyện', 63),
(703, 'Nguyên Bình', 'Huyện', 63),
(704, 'Phục Hòa', 'Huyện', 63),
(705, 'Quảng Uyên', 'Huyện', 63),
(706, 'Thạch An', 'Huyện', 63),
(707, 'Thông Nông', 'Huyện', 63),
(708, 'Trà Lĩnh', 'Huyện', 63),
(709, 'Trùng Khánh', 'Huyện', 63);

-- --------------------------------------------------------

--
-- Cấu trúc bảng cho bảng `host`
--

DROP TABLE IF EXISTS `host`;
CREATE TABLE IF NOT EXISTS `host` (
  `id` int(11) NOT NULL,
  `address` varchar(255) COLLATE utf8_bin NOT NULL,
  `userID` int(11) NOT NULL,
  PRIMARY KEY (`id`),
  KEY `userID` (`userID`)
) ENGINE=InnoDB DEFAULT CHARSET=utf8 COLLATE=utf8_bin;

--
-- Đang đổ dữ liệu cho bảng `host`
--

INSERT INTO `host` (`id`, `address`, `userID`) VALUES
(1, ' 45/46/15 Đường số 3, Phường Bình Hưng Hòa, Quận Bình Tân, Thành phố Hồ Chí Minh', 2);

-- --------------------------------------------------------


-- --------------------------------------------------------

--
-- Cấu trúc bảng cho bảng `images`
--

DROP TABLE IF EXISTS `images`;
CREATE TABLE IF NOT EXISTS `images` (
  `id` int(11) NOT NULL AUTO_INCREMENT,
  `name` varchar(255) COLLATE utf8_bin NOT NULL,
  `roomID` int(11) NOT NULL,
  PRIMARY KEY (`id`),
  KEY `roomID` (`roomID`)
) ENGINE=InnoDB AUTO_INCREMENT=2 DEFAULT CHARSET=utf8 COLLATE=utf8_bin;

--
-- Đang đổ dữ liệu cho bảng `images`
--

INSERT INTO `images` (`id`, `name`, `roomID`) VALUES
(1, 'room_1', 1);

-- --------------------------------------------------------

--
-- Cấu trúc bảng cho bảng `payment`
--

DROP TABLE IF EXISTS `payment`;
CREATE TABLE IF NOT EXISTS `payment` (
  `id` int(11) NOT NULL AUTO_INCREMENT,
  `subscription_id` int(11) NOT NULL,
  `hostID` int(11) NOT NULL,
  `unique_key` varchar(255) NOT NULL,
  PRIMARY KEY (`id`),
) ENGINE=InnoDB DEFAULT CHARSET=utf8 COLLATE=utf8_bin;

-- --------------------------------------------------------

--
-- Cấu trúc bảng cho bảng `paid_bill`
--

DROP TABLE IF EXISTS `paid_bill`;
CREATE TABLE IF NOT EXISTS `paid_bill` (
  `id` int(11) NOT NULL AUTO_INCREMENT,
  `charged_amount` double NOT NULL,
  `hostID` int(11) NOT NULL,
  `unique_key` varchar(255) NOT NULL,
  `paid_date` datetime NOT NULL DEFAULT CURRENT_TIMESTAMP,
  PRIMARY KEY (`id`),
) ENGINE=InnoDB DEFAULT CHARSET=utf8 COLLATE=utf8_bin;


-- --------------------------------------------------------

--
-- Cấu trúc bảng cho bảng `payment_rule`
--

DROP TABLE IF EXISTS `payment_rule`;
CREATE TABLE IF NOT EXISTS `payment_rule` (
  `id` int(11) NOT NULL AUTO_INCREMENT,
  `price_booking` double NOT NULL,
  `price_complete` double NOT NULL,
  PRIMARY KEY (`id`)
) ENGINE=InnoDB DEFAULT CHARSET=utf8 COLLATE=utf8_bin;

-- --------------------------------------------------------
--
-- Cấu trúc bảng cho bảng `subscription`
--

DROP TABLE IF EXISTS `subscription`;
CREATE TABLE IF NOT EXISTS `subscription` (
  `id` int(11) NOT NULL AUTO_INCREMENT,
  `price` double NOT NULL,
  `expired_days` int NOT NULL,
  PRIMARY KEY (`id`)
) ENGINE=InnoDB DEFAULT CHARSET=utf8 COLLATE=utf8_bin;

-- --------------------------------------------------------

DROP TABLE IF EXISTS `user_sub`;
CREATE TABLE IF NOT EXISTS `user_sub` (
  `id` int(11) NOT NULL AUTO_INCREMENT,
  `hostID` int(11) NOT NULL,
  `sub_date` double NOT NULL,
  `expired_date` int NOT NULL,
  PRIMARY KEY (`id`)
)ENGINE=InnoDB DEFAULT CHARSET=utf8 COLLATE=utf8_bin;

--
-- Cấu trúc bảng cho bảng `post`
--

DROP TABLE IF EXISTS `post`;
CREATE TABLE IF NOT EXISTS `post` (
  `id` int(11) NOT NULL AUTO_INCREMENT,
  `title` varchar(500) COLLATE utf8_bin NOT NULL,
  `roomID` int(11) NOT NULL,
  `description` text COLLATE utf8_bin NOT NULL,
  `status` int(11) NOT NULL,
  `service` int(11) NOT NULL,
  PRIMARY KEY (`id`),
  KEY `roomID` (`roomID`),
  KEY `post_stts` (`status`)
) ENGINE=InnoDB DEFAULT CHARSET=utf8 COLLATE=utf8_bin;

-- --------------------------------------------------------

--
-- Cấu trúc bảng cho bảng `province`
--

DROP TABLE IF EXISTS `province`;
CREATE TABLE IF NOT EXISTS `province` (
  `id` int(10) UNSIGNED NOT NULL,
  `_name` varchar(50) COLLATE utf8_unicode_ci DEFAULT NULL,
  `_code` varchar(20) COLLATE utf8_unicode_ci DEFAULT NULL,
  PRIMARY KEY (`id`)
) ENGINE=InnoDB DEFAULT CHARSET=utf8 COLLATE=utf8_unicode_ci;

--
-- Đang đổ dữ liệu cho bảng `province`
--

INSERT INTO `province` (`id`, `_name`, `_code`) VALUES
(1, 'Hồ Chí Minh', 'SG'),
(2, 'Hà Nội', 'HN'),
(3, 'Đà Nẵng', 'DDN'),
(4, 'Bình Dương', 'BD'),
(5, 'Đồng Nai', 'DNA'),
(6, 'Khánh Hòa', 'KH'),
(7, 'Hải Phòng', 'HP'),
(8, 'Long An', 'LA'),
(9, 'Quảng Nam', 'QNA'),
(10, 'Bà Rịa Vũng Tàu', 'VT'),
(11, 'Đắk Lắk', 'DDL'),
(12, 'Cần Thơ', 'CT'),
(13, 'Bình Thuận  ', 'BTH'),
(14, 'Lâm Đồng', 'LDD'),
(15, 'Thừa Thiên Huế', 'TTH'),
(16, 'Kiên Giang', 'KG'),
(17, 'Bắc Ninh', 'BN'),
(18, 'Quảng Ninh', 'QNI'),
(19, 'Thanh Hóa', 'TH'),
(20, 'Nghệ An', 'NA'),
(21, 'Hải Dương', 'HD'),
(22, 'Gia Lai', 'GL'),
(23, 'Bình Phước', 'BP'),
(24, 'Hưng Yên', 'HY'),
(25, 'Bình Định', 'BDD'),
(26, 'Tiền Giang', 'TG'),
(27, 'Thái Bình', 'TB'),
(28, 'Bắc Giang', 'BG'),
(29, 'Hòa Bình', 'HB'),
(30, 'An Giang', 'AG'),
(31, 'Vĩnh Phúc', 'VP'),
(32, 'Tây Ninh', 'TNI'),
(33, 'Thái Nguyên', 'TN'),
(34, 'Lào Cai', 'LCA'),
(35, 'Nam Định', 'NDD'),
(36, 'Quảng Ngãi', 'QNG'),
(37, 'Bến Tre', 'BTR'),
(38, 'Đắk Nông', 'DNO'),
(39, 'Cà Mau', 'CM'),
(40, 'Vĩnh Long', 'VL'),
(41, 'Ninh Bình', 'NB'),
(42, 'Phú Thọ', 'PT'),
(43, 'Ninh Thuận', 'NT'),
(44, 'Phú Yên', 'PY'),
(45, 'Hà Nam', 'HNA'),
(46, 'Hà Tĩnh', 'HT'),
(47, 'Đồng Tháp', 'DDT'),
(48, 'Sóc Trăng', 'ST'),
(49, 'Kon Tum', 'KT'),
(50, 'Quảng Bình', 'QB'),
(51, 'Quảng Trị', 'QT'),
(52, 'Trà Vinh', 'TV'),
(53, 'Hậu Giang', 'HGI'),
(54, 'Sơn La', 'SL'),
(55, 'Bạc Liêu', 'BL'),
(56, 'Yên Bái', 'YB'),
(57, 'Tuyên Quang', 'TQ'),
(58, 'Điện Biên', 'DDB'),
(59, 'Lai Châu', 'LCH'),
(60, 'Lạng Sơn', 'LS'),
(61, 'Hà Giang', 'HG'),
(62, 'Bắc Kạn', 'BK'),
(63, 'Cao Bằng', 'CB');

-- --------------------------------------------------------

--
-- Cấu trúc bảng cho bảng `role`
--

DROP TABLE IF EXISTS `role`;
CREATE TABLE IF NOT EXISTS `role` (
  `id` int(11) NOT NULL,
  `name_role` varchar(100) COLLATE utf8_bin NOT NULL,
  PRIMARY KEY (`id`)
) ENGINE=InnoDB DEFAULT CHARSET=utf8 COLLATE=utf8_bin;

--
-- Đang đổ dữ liệu cho bảng `role`
--

INSERT INTO `role` (`id`, `name_role`) VALUES
(0, 'user'),
(1, 'admin');

-- --------------------------------------------------------

--
-- Cấu trúc bảng cho bảng `room`
--

DROP TABLE IF EXISTS `room`;
CREATE TABLE IF NOT EXISTS `room` (
  `id` int(11) NOT NULL AUTO_INCREMENT,
  `status` int(11) NOT NULL,
  `address` varchar(255) COLLATE utf8_bin NOT NULL,
  `hostID` int(11) NOT NULL,
  `price` double NOT NULL,
  `area` double NOT NULL,
  `created_at` datetime NOT NULL DEFAULT CURRENT_TIMESTAMP,
  `addition_infor` text COLLATE utf8_bin NOT NULL,
  `ward_id` int(10) UNSIGNED NOT NULL,
  PRIMARY KEY (`id`),
  KEY `hostID` (`hostID`),
  KEY `room_ward` (`ward_id`)
) ENGINE=InnoDB AUTO_INCREMENT=2 DEFAULT CHARSET=utf8 COLLATE=utf8_bin;

--
-- Đang đổ dữ liệu cho bảng `room`
--

INSERT INTO `room` (`id`, `status`, `address`, `hostID`, `price`, `area`, `created_at`, `addition_infor`, `ward_id`) VALUES
(1, 1, '114, Nguyễn Văn Cừ', 1, 2000000, 6, '2021-08-10 19:07:49', 'Phòng 1 Giường', 93);

-- --------------------------------------------------------

--
-- Cấu trúc bảng cho bảng `service`
--

DROP TABLE IF EXISTS `service`;
CREATE TABLE IF NOT EXISTS `service` (
  `id` int(11) NOT NULL,
  `name` varchar(255) COLLATE utf8_bin NOT NULL,
  PRIMARY KEY (`id`)
) ENGINE=InnoDB DEFAULT CHARSET=utf8 COLLATE=utf8_bin;

-- --------------------------------------------------------

--
-- Cấu trúc bảng cho bảng `status_post`
--

DROP TABLE IF EXISTS `status_post`;
CREATE TABLE IF NOT EXISTS `status_post` (
  `id` int(11) NOT NULL AUTO_INCREMENT,
  `name` varchar(100) COLLATE utf8_unicode_ci NOT NULL,
  PRIMARY KEY (`id`)
) ENGINE=InnoDB DEFAULT CHARSET=utf8 COLLATE=utf8_unicode_ci;

-- --------------------------------------------------------

--
-- Cấu trúc bảng cho bảng `user`
--

DROP TABLE IF EXISTS `user`;
CREATE TABLE IF NOT EXISTS `user` (
  `Id` int(11) NOT NULL AUTO_INCREMENT,
  `phone` varchar(10) COLLATE utf8_bin NOT NULL,
  `name` varchar(255) COLLATE utf8_bin NOT NULL,
  `email` varchar(255) COLLATE utf8_bin NOT NULL,
  `cardId` varchar(15) NOT NULL,
  `password` varchar(100) COLLATE utf8_bin NOT NULL,
  `role` int(11) NOT NULL DEFAULT '0',
  `created_at` datetime NOT NULL DEFAULT CURRENT_TIMESTAMP,
  `balance` double NOT NULL,
  `activate_status` int(10),
  PRIMARY KEY (`Id`)
) ENGINE=InnoDB AUTO_INCREMENT=3 DEFAULT CHARSET=utf8 COLLATE=utf8_bin;

--
-- Đang đổ dữ liệu cho bảng `user`
--

INSERT INTO `user` (`Id`, `cardID`, `phone`, `name`, `email`, `password`, `role`, `created_at`, `balance`) VALUES
(1, 1, '0987654321', 'Nguyễn Hoàng Minh', 'minhhoang92@gmail.com', '123456', 0, '2021-08-10 16:53:36', 1000000),
(2, 2, '0987654221', 'Nguyễn Hải Minh', 'haihoang93@gmail.com', '1234567', 0, '2021-08-10 16:54:17', 10000000);

-- --------------------------------------------------------

--
-- Cấu trúc bảng cho bảng `ward`
--

DROP TABLE IF EXISTS `ward`;
CREATE TABLE IF NOT EXISTS `ward` (
  `id` int(10) UNSIGNED NOT NULL,
  `_name` varchar(50) COLLATE utf8_unicode_ci NOT NULL,
  `_prefix` varchar(20) COLLATE utf8_unicode_ci DEFAULT NULL,
  `_province_id` int(10) UNSIGNED DEFAULT NULL,
  `_district_id` int(10) UNSIGNED DEFAULT NULL,
  PRIMARY KEY (`id`),
  KEY `_province_id` (`_province_id`,`_district_id`)
) ENGINE=InnoDB DEFAULT CHARSET=utf8 COLLATE=utf8_unicode_ci;

--
-- Đang đổ dữ liệu cho bảng `ward`
--

INSERT INTO `ward` (`id`, `_name`, `_prefix`, `_province_id`, `_district_id`) VALUES
(1, 'An Phú Tây', 'Xã', 1, 1),
(2, 'Bình Chánh', 'Xã', 1, 1),
(3, 'Bình Hưng', 'Xã', 1, 1),
(4, 'Bình Lợi', 'Xã', 1, 1),
(5, 'Đa Phước', 'Xã', 1, 1),
(6, 'Hưng Long', 'Xã', 1, 1),
(7, 'Lê Minh Xuân', 'Xã', 1, 1),
(8, 'Phạm Văn Hai', 'Xã', 1, 1),
(9, 'Phong Phú', 'Xã', 1, 1),
(10, 'Quy Đức', 'Xã', 1, 1),
(11, 'Tân Kiên', 'Xã', 1, 1),
(18, 'An Lạc A', 'Phường', 1, 2),
(19, 'Bình Hưng Hòa', 'Phường', 1, 2),
(20, 'Bình Hưng Hòa A', 'Phường', 1, 2),
(21, 'Bình Hưng Hòa B', 'Phường', 1, 2),
(22, 'Bình Trị Đông', 'Phường', 1, 2),
(23, 'Bình Trị Đông A', 'Phường', 1, 2),
(24, 'Bình Trị Đông B', 'Phường', 1, 2),
(25, 'Tân Tạo', 'Phường', 1, 2),
(26, 'Tân Tạo A', 'Phường', 1, 2),
(27, '1', 'Phường', 1, 3),
(28, '11', 'Phường', 1, 3),
(29, '12', 'Phường', 1, 3),
(30, '13', 'Phường', 1, 3),
(31, '14', 'Phường', 1, 3),
(32, '15', 'Phường', 1, 3),
(33, '17', 'Phường', 1, 3),
(34, '19', 'Phường', 1, 3),
(35, '2', 'Phường', 1, 3),
(36, '21', 'Phường', 1, 3),
(37, '22', 'Phường', 1, 3),
(38, '24', 'Phường', 1, 3),
(39, '25', 'Phường', 1, 3),
(40, '26', 'Phường', 1, 3),
(41, '27', 'Phường', 1, 3),
(42, '28', 'Phường', 1, 3),
(43, '3', 'Phường', 1, 3),
(44, '5', 'Phường', 1, 3),
(45, '6', 'Phường', 1, 3),
(46, '7', 'Phường', 1, 3),
(62, 'Phú Hòa Đông', 'Xã', 1, 5),
(63, 'Phú Mỹ Hưng', 'Xã', 1, 5),
(64, 'Phước Hiệp', 'Xã', 1, 5),
(65, 'Phước Thạnh', 'Xã', 1, 5),
(66, 'Phước Vĩnh An', 'Xã', 1, 5),
(67, 'Tân An Hội', 'Xã', 1, 5),
(68, 'Tân Phú Trung', 'Xã', 1, 5),
(69, 'Tân Thạnh Đông', 'Xã', 1, 5),
(70, 'Tân Thạnh Tây', 'Xã', 1, 5),
(71, 'Tân Thông Hội', 'Xã', 1, 5),
(72, 'Thái Mỹ', 'Xã', 1, 5),
(73, 'Trung An', 'Xã', 1, 5),
(74, 'Trung Lập Hạ', 'Xã', 1, 5),
(75, 'Trung Lập Hạ', 'Xã', 1, 5),
(76, 'Trung Lập Thượng', 'Xã', 1, 5),
(77, '1', 'Phường', 1, 6),
(78, '10', 'Phường', 1, 6),
(79, '11', 'Phường', 1, 6),
(80, '12', 'Phường', 1, 6),
(81, '13', 'Phường', 1, 6),
(82, '14', 'Phường', 1, 6),
(83, '15', 'Phường', 1, 6),
(84, '16', 'Phường', 1, 6),
(85, '17', 'Phường', 1, 6),
(86, '3', 'Phường', 1, 6),
(87, '4', 'Phường', 1, 6),
(88, '5', 'Phường', 1, 6),
(89, '6', 'Phường', 1, 6),
(90, '7', 'Phường', 1, 6),
(91, '8', 'Phường', 1, 6),
(92, '9', 'Phường', 1, 6),
(93, ' Đông Thạnh', 'Xã', 1, 7),
(94, ' Hóc Môn', 'Phường', 1, 7),
(95, 'Bà Điểm', 'Phường', 1, 7),
(96, 'Nhị Bình', 'Xã', 1, 7),
(97, 'Tân Hiệp', 'Xã', 1, 7),
(98, 'Tân Thới Nhì', 'Xã', 1, 7),
(99, 'Tân Xuân', 'Xã', 1, 7),
(100, 'Thới Tam Thôn', 'Xã', 1, 7),
(101, 'Trung Chánh', 'Xã', 1, 7),
(102, 'Xuân Thới Đông', 'Xã', 1, 7),
(103, 'Xuân Thới Sơn', 'Xã', 1, 7),
(104, 'Xuân Thới Thượng', 'Xã', 1, 7),
(105, 'Hiệp Phước', 'Phường', 1, 8),
(106, 'Long Thới', 'Xã', 1, 8),
(107, 'Nhà Bè', 'Thị trấn', 1, 8),
(108, 'Nhơn Đức', 'Xã', 1, 8),
(109, 'Phú Xuân', 'Xã', 1, 8),
(110, 'Phước Kiển', 'Xã', 1, 8),
(111, 'Phước Lộc', 'Xã', 1, 8),
(112, '1', 'Phường', 1, 9),
(113, '10', 'Phường', 1, 9),
(114, '11', 'Phường', 1, 9),
(115, '12', 'Phường', 1, 9),
(116, '13', 'Phường', 1, 9),
(117, '14', 'Phường', 1, 9),
(118, '15', 'Phường', 1, 9),
(119, '17', 'Phường', 1, 9),
(120, '2', 'Phường', 1, 9),
(121, '25', 'Phường', 1, 9),
(122, '3', 'Phường', 1, 9),
(123, '4', 'Phường', 1, 9),
(124, '5', 'Phường', 1, 9),
(125, '6', 'Phường', 1, 9),
(126, '7', 'Phường', 1, 9),
(127, '8', 'Phường', 1, 9),
(128, '9', 'Phường', 1, 9),
(129, 'Bến Nghé', 'Phường', 1, 10),
(130, 'Bến Thành', 'Phường', 1, 10),
(131, 'Cầu Kho', 'Phường', 1, 10),
(132, 'Cầu Ông Lãnh', 'Phường', 1, 10),
(133, 'Cô Giang', 'Phường', 1, 10),
(134, 'Đa Kao', 'Phường', 1, 10),
(135, 'Nguyễn Cư Trinh', 'Phường', 1, 10),
(136, 'Nguyễn Thái Bình', 'Phường', 1, 10),
(137, 'Phạm Ngũ Lão', 'Phường', 1, 10),
(138, 'Tân Định', 'Phường', 1, 10),
(139, '1', 'Phường', 1, 11),
(140, '10', 'Phường', 1, 11),
(141, '11', 'Phường', 1, 11),
(142, '12', 'Phường', 1, 11),
(143, '13', 'Phường', 1, 11),
(144, '14', 'Phường', 1, 11),
(145, '15', 'Phường', 1, 11),
(146, '2', 'Phường', 1, 11),
(147, '3', 'Phường', 1, 11),
(148, '4', 'Phường', 1, 11),
(149, '5', 'Phường', 1, 11),
(150, '6', 'Phường', 1, 11),
(151, '7', 'Phường', 1, 11),
(152, '8', 'Phường', 1, 11),
(153, '9', 'Phường', 1, 11),
(154, '1', 'Phường', 1, 12),
(155, '10', 'Phường', 1, 12),
(156, '11', 'Phường', 1, 12),
(157, '12', 'Phường', 1, 12),
(158, '13', 'Phường', 1, 12),
(159, '14', 'Phường', 1, 12),
(160, '15', 'Phường', 1, 12),
(161, '16', 'Phường', 1, 12),
(162, '2', 'Phường', 1, 12),
(163, '3', 'Phường', 1, 12),
(164, '4', 'Phường', 1, 12),
(165, '5', 'Phường', 1, 12),
(166, '6', 'Phường', 1, 12),
(167, '7', 'Phường', 1, 12),
(168, '8', 'Phường', 1, 12),
(169, '9', 'Phường', 1, 12),
(170, 'An Phú Đông', 'Phường', 1, 13),
(171, 'Đông Hưng Thuận', 'Phường', 1, 13),
(172, 'Hiệp Thành', 'Phường', 1, 13),
(173, 'Tân Chánh Hiệp', 'Phường', 1, 13),
(174, 'Tân Hưng Thuận', 'Phường', 1, 13),
(175, 'Tân Thới Hiệp', 'Phường', 1, 13),
(176, 'Tân Thới Nhất', 'Phường', 1, 13),
(177, 'Thạnh Lộc', 'Phường', 1, 13),
(178, 'Thạnh Xuân', 'Phường', 1, 13),
(179, 'Thới An', 'Phường', 1, 13),
(180, 'Trung Mỹ Tây', 'Phường', 1, 13),
(181, ' Thạnh Mỹ Lợi', 'Phường', 1, 14),
(182, 'An Khánh', 'Phường', 1, 14),
(183, 'An Lợi Đông', 'Phường', 1, 14),
(184, 'An Phú', 'Phường', 1, 14),
(185, 'Bình An', 'Phường', 1, 14),
(186, 'Bình Khánh', 'Phường', 1, 14),
(187, 'Bình Trưng Đông', 'Phường', 1, 14),
(188, 'Bình Trưng Tây', 'Phường', 1, 14),
(189, 'Cát Lái', 'Phường', 1, 14),
(190, 'Thảo Điền', 'Phường', 1, 14),
(191, 'Thủ Thiêm', 'Phường', 1, 14),
(192, '1', 'Phường', 1, 15),
(193, '10', 'Phường', 1, 15),
(194, '11', 'Phường', 1, 15),
(195, '12', 'Phường', 1, 15),
(196, '13', 'Phường', 1, 15),
(197, '14', 'Phường', 1, 15),
(198, '2', 'Phường', 1, 15),
(199, '3', 'Phường', 1, 15),
(200, '4', 'Phường', 1, 15),
(201, '5', 'Phường', 1, 15),
(202, '6', 'Phường', 1, 15),
(203, '7', 'Phường', 1, 15),
(204, '8', 'Phường', 1, 15),
(205, '9', 'Phường', 1, 15),
(206, '1', 'Phường', 1, 16),
(207, '10', 'Phường', 1, 16),
(208, '12', 'Phường', 1, 16),
(209, '13', 'Phường', 1, 16),
(210, '14', 'Phường', 1, 16),
(211, '15', 'Phường', 1, 16),
(212, '16', 'Phường', 1, 16),
(213, '18', 'Phường', 1, 16),
(214, '2', 'Phường', 1, 16),
(215, '3', 'Phường', 1, 16),
(216, '4', 'Phường', 1, 16),
(217, '5', 'Phường', 1, 16),
(218, '6', 'Phường', 1, 16),
(219, '8', 'Phường', 1, 16),
(220, '9', 'Phường', 1, 16),
(221, '1', 'Phường', 1, 17),
(222, '10', 'Phường', 1, 17),
(223, '11', 'Phường', 1, 17),
(224, '12', 'Phường', 1, 17),
(225, '13', 'Phường', 1, 17),
(226, '14', 'Phường', 1, 17),
(227, '15', 'Phường', 1, 17),
(228, '2', 'Phường', 1, 17),
(229, '3', 'Phường', 1, 17),
(230, '4', 'Phường', 1, 17),
(231, '5', 'Phường', 1, 17),
(232, '6', 'Phường', 1, 17),
(233, '7', 'Phường', 1, 17),
(234, '8', 'Phường', 1, 17),
(235, '9', 'Phường', 1, 17),
(236, '1', 'Phường', 1, 18),
(237, '10', 'Phường', 1, 18),
(238, '11', 'Phường', 1, 18),
(239, '12', 'Phường', 1, 18),
(240, '13', 'Phường', 1, 18),
(241, '14', 'Phường', 1, 18),
(242, '2', 'Phường', 1, 18),
(243, '3', 'Phường', 1, 18),
(244, '4', 'Phường', 1, 18),
(245, '5', 'Phường', 1, 18),
(246, '6', 'Phường', 1, 18),
(247, '7', 'Phường', 1, 18),
(248, '8', 'Phường', 1, 18),
(249, '9', 'Phường', 1, 18),
(250, 'Bình Thuận', 'Phường', 1, 19),
(251, 'Phú Mỹ', 'Phường', 1, 19),
(252, 'Phú Thuận', 'Phường', 1, 19),
(253, 'Tân Hưng', 'Phường', 1, 19),
(254, 'Tân Kiểng', 'Phường', 1, 19),
(255, 'Tân Phong', 'Phường', 1, 19),
(256, 'Tân Phú', 'Phường', 1, 19),
(257, 'Tân Quy', 'Phường', 1, 19),
(258, 'Tân Thuận Đông', 'Phường', 1, 19),
(259, 'Tân Thuận Tây', 'Phường', 1, 19),
(260, '1', 'Phường', 1, 20),
(261, '10', 'Phường', 1, 20),
(262, '11', 'Phường', 1, 20),
(263, '12', 'Phường', 1, 20),
(264, '13', 'Phường', 1, 20),
(265, '14', 'Phường', 1, 20),
(266, '15', 'Phường', 1, 20),
(267, '16', 'Phường', 1, 20),
(268, '2', 'Phường', 1, 20),
(269, '3', 'Phường', 1, 20),
(270, '4', 'Phường', 1, 20),
(271, '5', 'Phường', 1, 20),
(272, '6', 'Phường', 1, 20),
(273, '7', 'Phường', 1, 20),
(274, '8', 'Phường', 1, 20),
(275, '9', 'Phường', 1, 20),
(276, 'Hiệp Phú', 'Phường', 1, 21),
(277, 'Long Bình', 'Phường', 1, 21),
(278, 'Long Phước', 'Phường', 1, 21),
(279, 'Long Thạnh Mỹ', 'Phường', 1, 21),
(280, 'Long Trường', 'Phường', 1, 21),
(281, 'Phú Hữu', 'Phường', 1, 21),
(282, 'Phước Bình', 'Phường', 1, 21),
(283, 'Phước Long A', 'Phường', 1, 21),
(284, 'Phước Long B', 'Phường', 1, 21),
(285, 'Tân Phú', 'Phường', 1, 21),
(286, 'Tăng Nhơn Phú A', 'Phường', 1, 21),
(287, 'Tăng Nhơn Phú B', 'Phường', 1, 21),
(288, 'Trường Thạnh', 'Phường', 1, 21),
(289, '1', 'Phường', 1, 22),
(290, '10', 'Phường', 1, 22),
(291, '11', 'Phường', 1, 22),
(292, '12', 'Phường', 1, 22),
(293, '13', 'Phường', 1, 22),
(294, '14', 'Phường', 1, 22),
(295, '15', 'Phường', 1, 22),
(296, '2', 'Phường', 1, 22),
(297, '3', 'Phường', 1, 22),
(298, '4', 'Phường', 1, 22),
(299, '5', 'Phường', 1, 22),
(300, '6', 'Phường', 1, 22),
(301, '7', 'Phường', 1, 22),
(302, '8', 'Phường', 1, 22),
(303, '9', 'Phường', 1, 22),
(304, 'Hiệp Tân', 'Phường', 1, 23),
(305, 'Hòa Thạnh', 'Phường', 1, 23),
(306, 'Phú Thạnh', 'Phường', 1, 23),
(307, 'Phú Thọ Hòa', 'Phường', 1, 23),
(308, 'Phú Trung', 'Phường', 1, 23),
(309, 'Sơn Kỳ', 'Phường', 1, 23),
(310, 'Tân Quý', 'Phường', 1, 23),
(311, 'Tân Sơn Nhì', 'Phường', 1, 23),
(312, 'Tân Thành', 'Phường', 1, 23),
(313, 'Tân Thới Hòa', 'Phường', 1, 23),
(314, 'Tây Thạnh', 'Phường', 1, 23),
(315, 'Bình Chiểu', 'Phường', 1, 24),
(316, 'Bình Thọ', 'Phường', 1, 24),
(317, 'Hiệp Bình Chánh', 'Phường', 1, 24),
(318, 'Hiệp Bình Phước', 'Phường', 1, 24),
(319, 'Linh Chiểu', 'Phường', 1, 24),
(320, 'Linh Đông', 'Phường', 1, 24),
(321, 'Linh Tây', 'Phường', 1, 24),
(322, 'Linh Trung', 'Phường', 1, 24),
(323, 'Linh Xuân', 'Phường', 1, 24),
(324, 'Tam Bình', 'Phường', 1, 24),
(325, 'Tam Phú', 'Phường', 1, 24),
(326, 'Trường Thọ', 'Phường', 1, 24),
(327, 'Cống Vị', 'Phường', 2, 25),
(328, 'Điện Biên', 'Phường', 2, 25),
(329, 'Đội Cấn', 'Phường', 2, 25),
(330, 'Giảng Võ', 'Phường', 2, 25),
(331, 'Kim Mã', 'Phường', 2, 25),
(332, 'Liễu Giai', 'Phường', 2, 25),
(333, 'Ngọc Hà', 'Phường', 2, 25),
(334, 'Ngọc Khánh', 'Phường', 2, 25),
(335, 'Nguyễn Trung Trực', 'Phường', 2, 25),
(336, 'Phúc Xá', 'Phường', 2, 25),
(337, 'Quán Thánh', 'Phường', 2, 25),
(338, 'Thành Công', 'Phường', 2, 25),
(339, 'Trúc Bạch', 'Phường', 2, 25),
(340, 'Vĩnh Phúc', 'Phường', 2, 25),
(341, 'Ba Trại', 'Xã', 2, 26),
(342, 'Ba Vì', 'Xã', 2, 26),
(343, 'Cẩm Lĩnh', 'Xã', 2, 26),
(344, 'Cam Thượng', 'Xã', 2, 26),
(345, 'Châu Sơn', 'Xã', 2, 26),
(346, 'Chu Minh', 'Xã', 2, 26),
(347, 'Cổ Đô', 'Xã', 2, 26),
(348, 'Đông Quang', 'Xã', 2, 26),
(349, 'Đồng Thái', 'Xã', 2, 26),
(350, 'Khánh Thượng', 'Xã', 2, 26),
(351, 'Minh Châu', 'Xã', 2, 26),
(352, 'Minh Quang', 'Xã', 2, 26),
(353, 'Phong Vân', 'Xã', 2, 26),
(354, 'Phú Châu', 'Xã', 2, 26),
(355, 'Phú Cường', 'Xã', 2, 26),
(356, 'Phú Đông', 'Xã', 2, 26),
(357, 'Phú Phương', 'Xã', 2, 26),
(358, 'Phú Sơn', 'Xã', 2, 26),
(359, 'Sơn Đà', 'Xã', 2, 26),
(360, 'Tản Hồng', 'Xã', 2, 26),
(361, 'Tản Lĩnh', 'Xã', 2, 26),
(362, 'Tây Đằng', 'Thị trấn', 2, 26),
(363, 'Thái Hòa', 'Xã', 2, 26),
(364, 'Thuần Mỹ', 'Xã', 2, 26),
(365, 'Thụy An', 'Xã', 2, 26),
(366, 'Tiên Phong', 'Xã', 2, 26),
(367, 'Tòng Bạt', 'Xã', 2, 26),
(368, 'Vân Hòa', 'Xã', 2, 26),
(369, 'Vạn Thắng', 'Xã', 2, 26),
(370, 'Vật Lại', 'Xã', 2, 26),
(371, 'Yên Bài', 'Xã', 2, 26),
(372, 'Cổ Nhuế 1', 'Phường', 2, 27),
(373, 'Cổ Nhuế 2', 'Phường', 2, 27),
(374, 'Đông Ngạc', 'Xã', 2, 27),
(375, 'Đức Thắng', 'Phường', 2, 27),
(376, 'Liên Mạc', 'Xã', 2, 27),
(377, 'Minh Khai', 'Xã', 2, 27),
(378, 'Phú Diễn', 'Phường', 2, 27),
(379, 'Phúc Diễn', 'Phường', 2, 27),
(380, 'Tây Tựu', 'Xã', 2, 27),
(381, 'Thượng Cát', 'Xã', 2, 27),
(382, 'Thụy Phương', 'Xã', 2, 27),
(383, 'Xuân Đỉnh', 'Phường', 2, 27),
(384, 'Xuân Tảo', 'Phường', 2, 27),
(385, 'Dịch Vọng', 'Phường', 2, 28),
(386, 'Dịch Vọng Hậu', 'Phường', 2, 28),
(387, 'Mai Dịch', 'Phường', 2, 28),
(388, 'Nghĩa Đô', 'Phường', 2, 28),
(389, 'Nghĩa Tân', 'Phường', 2, 28),
(390, 'Quan Hoa', 'Phường', 2, 28),
(391, 'Trung Hòa', 'Phường', 2, 28),
(392, 'Yên Hòa', 'Phường', 2, 28),
(393, 'Chúc Sơn', 'Thị trấn', 2, 29),
(394, 'Đại Yên', 'Xã', 2, 29),
(395, 'Đồng Lạc', 'Xã', 2, 29),
(396, 'Đồng Phú', 'Xã', 2, 29),
(397, 'Đông Phương Yên', 'Xã', 2, 29),
(398, 'Đông Sơn', 'Xã', 2, 29),
(399, 'Hoà Chính', 'Xã', 2, 29),
(400, 'Hoàng Diệu', 'Xã', 2, 29),
(401, 'Hoàng Văn Thụ', 'Xã', 2, 29),
(402, 'Hồng Phong', 'Xã', 2, 29),
(403, 'Hợp Đồng', 'Xã', 2, 29),
(404, 'Hữu Văn', 'Xã', 2, 29),
(405, 'Lam Điền', 'Xã', 2, 29),
(406, 'Mỹ Lương', 'Xã', 2, 29),
(407, 'Nam Phương Tiến', 'Xã', 2, 29),
(408, 'Ngọc Hòa', 'Xã', 2, 29),
(409, 'Phú Nam An', 'Xã', 2, 29),
(410, 'Phú Nghĩa', 'Xã', 2, 29),
(411, 'Phụng Châu', 'Xã', 2, 29),
(412, 'Quảng Bị', 'Xã', 2, 29),
(413, 'Tân Tiến', 'Xã', 2, 29),
(414, 'Thanh Bình', 'Xã', 2, 29),
(415, 'Thượng Vực', 'Xã', 2, 29),
(416, 'Thụy Hương', 'Xã', 2, 29),
(417, 'Thuỷ Xuân Tiên', 'Xã', 2, 29),
(418, 'Tiên Phương', 'Xã', 2, 29),
(419, 'Tốt Động', 'Xã', 2, 29),
(420, 'Trần Phú', 'Xã', 2, 29),
(421, 'Trung Hòa', 'Xã', 2, 29),
(422, 'Trường Yên', 'Xã', 2, 29),
(423, 'Văn Võ', 'Xã', 2, 29),
(424, 'Xuân Mai', 'Thị trấn', 2, 29),
(425, 'Đan Phượng', 'Xã', 2, 30),
(426, 'Đồng Tháp', 'Xã', 2, 30),
(427, 'Hạ Mỗ', 'Xã', 2, 30),
(428, 'Hồng Hà', 'Xã', 2, 30),
(429, 'Liên Hà', 'Xã', 2, 30),
(430, 'Liên Hồng', 'Xã', 2, 30),
(431, 'Liên Trung', 'Xã', 2, 30),
(432, 'Phùng', 'Thị trấn', 2, 30),
(433, 'Phương Đình', 'Xã', 2, 30),
(434, 'Song Phượng', 'Xã', 2, 30),
(435, 'Tân Hội', 'Xã', 2, 30),
(436, 'Tân Lập', 'Xã', 2, 30),
(437, 'Thọ An', 'Xã', 2, 30),
(438, 'Thọ Xuân', 'Xã', 2, 30),
(439, 'Thượng Mỗ', 'Xã', 2, 30),
(440, 'Trung Châu', 'Xã', 2, 30),
(441, 'Bắc Hồng', 'Xã', 2, 31),
(442, 'Cổ Loa', 'Xã', 2, 31),
(443, 'Đại Mạch', 'Xã', 2, 31),
(444, 'Đông Anh', 'Thị trấn', 2, 31),
(445, 'Đông Hội', 'Xã', 2, 31),
(446, 'Dục Tú', 'Xã', 2, 31),
(447, 'Hải Bối', 'Xã', 2, 31),
(448, 'Kim Chung', 'Xã', 2, 31),
(449, 'Kim Nỗ', 'Xã', 2, 31),
(450, 'Liên Hà', 'Xã', 2, 31),
(451, 'Mai Lâm', 'Xã', 2, 31),
(452, 'Nam Hồng', 'Xã', 2, 31),
(453, 'Nguyên Khê', 'Xã', 2, 31),
(454, 'Tàm Xá', 'Xã', 2, 31),
(455, 'Tầm Xá', 'Xã', 2, 31),
(456, 'Thụy Lâm', 'Xã', 2, 31),
(457, 'Tiên Dương', 'Xã', 2, 31),
(458, 'Uy Nỗ', 'Xã', 2, 31),
(459, 'Vân Hà', 'Xã', 2, 31),
(460, 'Vân Nội', 'Xã', 2, 31),
(461, 'Việt Hùng', 'Xã', 2, 31),
(462, 'Vĩnh Ngọc', 'Xã', 2, 31),
(463, 'Võng La', 'Xã', 2, 31),
(464, 'Xuân Canh', 'Xã', 2, 31),
(465, 'Xuân Nộn', 'Xã', 2, 31),
(466, 'Cát Linh', 'Phường', 2, 32),
(467, 'Hàng Bột', 'Phường', 2, 32),
(468, 'Khâm Thiên', 'Phường', 2, 32),
(469, 'Khương Thượng', 'Phường', 2, 32),
(470, 'Kim Liên', 'Phường', 2, 32),
(471, 'Láng Hạ', 'Phường', 2, 32),
(472, 'Láng Thượng', 'Phường', 2, 32),
(473, 'Nam Đồng', 'Phường', 2, 32),
(474, 'Ngã Tư Sở', 'Phường', 2, 32),
(475, 'Ô Chợ Dừa', 'Phường', 2, 32),
(476, 'Phương Liên', 'Phường', 2, 32),
(477, 'Phương Mai', 'Phường', 2, 32),
(478, 'Quang Trung', 'Phường', 2, 32),
(479, 'Quốc Tử Giám', 'Phường', 2, 32),
(480, 'Thịnh Quang', 'Phường', 2, 32),
(481, 'Thổ Quan', 'Phường', 2, 32),
(482, 'Trung Liệt', 'Phường', 2, 32),
(483, 'Trung Phụng', 'Phường', 2, 32),
(484, 'Trung Tự', 'Phường', 2, 32),
(485, 'Văn Chương', 'Phường', 2, 32),
(486, 'Văn Miếu', 'Phường', 2, 32),
(487, 'Bát Tràng', 'Xã', 2, 33),
(488, 'Cổ Bi', 'Xã', 2, 33),
(489, 'Đa Tốn', 'Xã', 2, 33),
(490, 'Đặng Xá', 'Xã', 2, 33),
(491, 'Đình Xuyên', 'Xã', 2, 33),
(492, 'Đông Dư', 'Xã', 2, 33),
(493, 'Dương Hà', 'Xã', 2, 33),
(494, 'Dương Quang', 'Xã', 2, 33),
(495, 'Dương Xá', 'Xã', 2, 33),
(496, 'Kiêu Kỵ', 'Xã', 2, 33),
(497, 'Kim Lan', 'Thị trấn', 2, 33),
(498, 'Kim Sơn', 'Xã', 2, 33),
(499, 'Lệ Chi', 'Xã', 2, 33),
(500, 'Ninh Hiệp', 'Xã', 2, 33),
(501, 'Phù Đổng', 'Xã', 2, 33),
(502, 'Phú Thị', 'Xã', 2, 33),
(503, 'Trâu Quỳ', 'Thị trấn', 2, 33),
(504, 'Trung Mầu', 'Xã', 2, 33),
(505, 'Văn Đức', 'Xã', 2, 33),
(506, 'Yên Thường', 'Xã', 2, 33),
(507, 'Yên Viên', 'Thị trấn', 2, 33),
(508, 'Yên Viên', 'Xã', 2, 33),
(509, 'Biên Giang', 'Phường', 2, 34),
(510, 'Đồng Mai', 'Phường', 2, 34),
(511, 'Dương Nội', 'Phường', 2, 34),
(512, 'Hà Cầu', 'Phường', 2, 34),
(513, 'Kiến Hưng', 'Phường', 2, 34),
(514, 'La Khê', 'Phường', 2, 34),
(515, 'Mỗ Lao', 'Phường', 2, 34),
(516, 'Nguyễn Trãi', 'Phường', 2, 34),
(517, 'Phú La', 'Phường', 2, 34),
(518, 'Phú Lãm', 'Phường', 2, 34),
(519, 'Phú Lương', 'Phường', 2, 34),
(520, 'Phúc La', 'Phường', 2, 34),
(521, 'Quang Trung', 'Phường', 2, 34),
(522, 'Vạn Phúc', 'Phường', 2, 34),
(523, 'Văn Quán', 'Phường', 2, 34),
(524, 'Yên Nghĩa', 'Phường', 2, 34),
(525, 'Yết Kiêu', 'Phường', 2, 34),
(526, 'Bạch Đằng', 'Phường', 2, 35),
(527, 'Bách Khoa', 'Phường', 2, 35),
(528, 'Bạch Mai', 'Phường', 2, 35),
(529, 'Bùi Thị Xuân', 'Phường', 2, 35),
(530, 'Cầu Dền', 'Phường', 2, 35),
(531, 'Đống Mác', 'Phường', 2, 35),
(532, 'Đồng Nhân', 'Phường', 2, 35),
(533, 'Đồng Tâm', 'Phường', 2, 35),
(534, 'Lê Đại Hành', 'Phường', 2, 35),
(535, 'Minh Khai', 'Phường', 2, 35),
(536, 'Ngô Thì Nhậm', 'Phường', 2, 35),
(537, 'Nguyễn Du', 'Phường', 2, 35),
(538, 'Phạm Đình Hổ', 'Phường', 2, 35),
(539, 'Phố Huế', 'Phường', 2, 35),
(540, 'Quỳnh Lôi', 'Phường', 2, 35),
(541, 'Quỳnh Mai', 'Phường', 2, 35),
(542, 'Thanh Lương', 'Phường', 2, 35),
(543, 'Thanh Nhàn', 'Phường', 2, 35),
(544, 'Trương Định', 'Phường', 2, 35),
(545, 'Vĩnh Tuy', 'Phường', 2, 35),
(546, 'An Khánh', 'Xã', 2, 36),
(547, 'An Thượng', 'Xã', 2, 36),
(548, 'Cát Quế', 'Xã', 2, 36),
(549, 'Đắc Sở', 'Xã', 2, 36),
(550, 'Di Trạch', 'Xã', 2, 36),
(551, 'Đông La', 'Xã', 2, 36),
(552, 'Đức Giang', 'Xã', 2, 36),
(553, 'Đức Thượng', 'Xã', 2, 36),
(554, 'Dương Liễu', 'Xã', 2, 36),
(555, 'Kim Chung', 'Xã', 2, 36),
(556, 'La Phù', 'Xã', 2, 36),
(557, 'Lại Yên', 'Xã', 2, 36),
(558, 'Minh Khai', 'Xã', 2, 36),
(559, 'Sơn Đồng', 'Xã', 2, 36),
(560, 'Song Phương', 'Xã', 2, 36),
(561, 'Tiền Yên', 'Xã', 2, 36),
(562, 'Trạm Trôi', 'Thị trấn', 2, 36),
(563, 'Vân Canh', 'Xã', 2, 36),
(564, 'Vân Côn', 'Xã', 2, 36),
(565, 'Yên Sở', 'Xã', 2, 36),
(566, 'Chương Dương Độ', 'Phường', 2, 37),
(567, 'Cửa Đông', 'Phường', 2, 37),
(568, 'Cửa Nam', 'Phường', 2, 37),
(569, 'Đồng Xuân', 'Phường', 2, 37),
(570, 'Hàng Bạc', 'Phường', 2, 37),
(571, 'Hàng Bài', 'Phường', 2, 37),
(572, 'Hàng Bồ', 'Phường', 2, 37),
(573, 'Hàng Bông', 'Phường', 2, 37),
(574, 'Hàng Buồm', 'Phường', 2, 37),
(575, 'Hàng Đào', 'Phường', 2, 37),
(576, 'Hàng Gai', 'Phường', 2, 37),
(577, 'Hàng Mã', 'Phường', 2, 37),
(578, 'Hàng Trống', 'Phường', 2, 37),
(579, 'Lý Thái Tổ', 'Phường', 2, 37),
(580, 'Phan Chu Trinh', 'Phường', 2, 37),
(581, 'Phúc Tân', 'Phường', 2, 37),
(582, 'Trần Hưng Đạo', 'Phường', 2, 37),
(583, 'Tràng Tiền', 'Phường', 2, 37),
(584, 'Đại Kim', 'Phường', 2, 38),
(585, 'Định Công', 'Phường', 2, 38),
(586, 'Giáp Bát', 'Phường', 2, 38),
(587, 'Hoàng Liệt', 'Phường', 2, 38),
(588, 'Hoàng Văn Thụ', 'Phường', 2, 38),
(589, 'Lĩnh Nam', 'Phường', 2, 38),
(590, 'Mai Động', 'Phường', 2, 38),
(591, 'Tân Mai', 'Phường', 2, 38),
(592, 'Thanh Trì', 'Phường', 2, 38),
(593, 'Thịnh Liệt', 'Phường', 2, 38),
(594, 'Trần Phú', 'Phường', 2, 38),
(595, 'Tương Mai', 'Phường', 2, 38),
(596, 'Vĩnh Hưng', 'Phường', 2, 38),
(597, 'Yên Sở', 'Phường', 2, 38),
(598, 'Bồ Đề', 'Phường', 2, 39),
(599, 'Cự Khối', 'Phường', 2, 39),
(600, 'Đức Giang', 'Phường', 2, 39),
(601, 'Gia Thụy', 'Phường', 2, 39),
(602, 'Giang Biên', 'Phường', 2, 39),
(603, 'Long Biên', 'Phường', 2, 39),
(604, 'Ngọc Lâm', 'Phường', 2, 39),
(605, 'Ngọc Thụy', 'Phường', 2, 39),
(606, 'Phúc Đồng', 'Phường', 2, 39),
(607, 'Phúc Lợi', 'Phường', 2, 39),
(608, 'Sài Đồng', 'Phường', 2, 39),
(609, 'Thạch Bàn', 'Phường', 2, 39),
(610, 'Thượng Thanh', 'Phường', 2, 39),
(611, 'Việt Hưng', 'Phường', 2, 39),
(612, 'Chi Đông', 'Thị trấn', 2, 40),
(613, 'Chu Phan', 'Xã', 2, 40),
(614, 'Đại Thịnh', 'Xã', 2, 40),
(615, 'Hoàng Kim', 'Xã', 2, 40),
(616, 'Kim Hoa', 'Xã', 2, 40),
(617, 'Liên Mạc', 'Xã', 2, 40),
(618, 'Mê Linh', 'Xã', 2, 40),
(619, 'Quang Minh', 'Thị trấn', 2, 40),
(620, 'Tam Đồng', 'Xã', 2, 40),
(621, 'Thạch Đà', 'Xã', 2, 40),
(622, 'Thanh Lâm', 'Xã', 2, 40),
(623, 'Tiền Phong', 'Xã', 2, 40),
(624, 'Tiến Thắng', 'Xã', 2, 40),
(625, 'Tiến Thịnh', 'Xã', 2, 40),
(626, 'Tráng Việt', 'Xã', 2, 40),
(627, 'Tự Lập', 'Xã', 2, 40),
(628, 'Văn Khê', 'Xã', 2, 40),
(629, 'Vạn Yên', 'Xã', 2, 40),
(630, 'An Mỹ', 'Xã', 2, 41),
(631, 'An Phú', 'Xã', 2, 41),
(632, 'An Tiến', 'Xã', 2, 41),
(633, 'Bột Xuyên', 'Xã', 2, 41),
(634, 'Đại Hưng', 'Xã', 2, 41),
(635, 'Đại Nghĩa', 'Thị trấn', 2, 41),
(636, 'Đốc Tín', 'Xã', 2, 41),
(637, 'Đồng Tâm', 'Xã', 2, 41),
(638, 'Hồng Sơn', 'Xã', 2, 41),
(639, 'Hợp Thanh', 'Xã', 2, 41),
(640, 'Hợp Tiến', 'Xã', 2, 41),
(641, 'Hùng Tiến', 'Xã', 2, 41),
(642, 'Hương Sơn', 'Xã', 2, 41),
(643, 'Lê Thanh', 'Xã', 2, 41),
(644, 'Mỹ Thành', 'Xã', 2, 41),
(645, 'Phù Lưu Tế', 'Xã', 2, 41),
(646, 'Phúc Lâm', 'Xã', 2, 41),
(647, 'Phùng Xá', 'Xã', 2, 41),
(648, 'Thượng Lâm', 'Xã', 2, 41),
(649, 'Tuy Lai', 'Xã', 2, 41),
(650, 'Vạn Kim', 'Xã', 2, 41),
(651, 'Xuy Xá', 'Xã', 2, 41),
(652, 'Cầu Diễn', 'Thị trấn', 2, 42),
(653, 'Đại Mỗ', 'Xã', 2, 42),
(654, 'Mễ Trì', 'Xã', 2, 42),
(655, 'Mỹ Đình 1', 'Phường', 2, 42),
(656, 'Mỹ Đình 2', 'Phường', 2, 42),
(657, 'Phú Đô', 'Xã', 2, 42),
(658, 'Phương Canh', 'Phường', 2, 42),
(659, 'Tây Mỗ', 'Xã', 2, 42),
(660, 'Trung Văn', 'Xã', 2, 42),
(661, 'Xuân Phương', 'Phường', 2, 42),
(662, 'Bạch Hạ', 'Xã', 2, 43),
(663, 'Châu Can', 'Xã', 2, 43),
(664, 'Chuyên Mỹ', 'Xã', 2, 43),
(665, 'Đại Thắng', 'Xã', 2, 43),
(666, 'Đại Xuyên', 'Xã', 2, 43),
(667, 'Hoàng Long', 'Xã', 2, 43),
(668, 'Hồng Minh', 'Xã', 2, 43),
(669, 'Hồng Thái', 'Xã', 2, 43),
(670, 'Khai Thái', 'Xã', 2, 43),
(671, 'Minh Tân', 'Xã', 2, 43),
(672, 'Nam Phong', 'Xã', 2, 43),
(673, 'Nam Triều', 'Xã', 2, 43),
(674, 'Phú Minh', 'Thị trấn', 2, 43),
(675, 'Phú Túc', 'Xã', 2, 43),
(676, 'Phú Xuyên', 'Thị trấn', 2, 43),
(677, 'Phú Yên', 'Xã', 2, 43),
(678, 'Phúc Tiến', 'Xã', 2, 43),
(679, 'Phượng Dực', 'Xã', 2, 43),
(680, 'Quang Lãng', 'Xã', 2, 43),
(681, 'Quang Trung', 'Xã', 2, 43),
(682, 'Sơn Hà', 'Xã', 2, 43),
(683, 'Tân Dân', 'Xã', 2, 43),
(684, 'Thụy Phú', 'Xã', 2, 43),
(685, 'Tri Thủy', 'Xã', 2, 43),
(686, 'Tri Trung', 'Xã', 2, 43),
(687, 'Văn Hoàng', 'Xã', 2, 43),
(688, 'Văn Nhân', 'Xã', 2, 43),
(689, 'Vân Từ', 'Xã', 2, 43),
(690, 'Cẩm Đình', 'Xã', 2, 44),
(691, 'Gạch', 'Thị trấn', 2, 44),
(692, 'Hát Môn', 'Xã', 2, 44),
(693, 'Hiệp Thuận', 'Xã', 2, 44),
(694, 'Liên Hiệp', 'Xã', 2, 44),
(695, 'Long Xuyên', 'Xã', 2, 44),
(696, 'Ngọc Tảo', 'Xã', 2, 44),
(697, 'Phúc Hòa', 'Xã', 2, 44),
(698, 'Phúc Thọ', 'Thị trấn', 2, 44),
(699, 'Phụng Thượng', 'Xã', 2, 44),
(700, 'Phương Độ', 'Xã', 2, 44),
(701, 'Sen Chiểu', 'Xã', 2, 44),
(702, 'Tam Hiệp', 'Xã', 2, 44),
(703, 'Tam Thuấn', 'Xã', 2, 44),
(704, 'Thanh Đa', 'Xã', 2, 44),
(705, 'Thọ Lộc', 'Xã', 2, 44),
(706, 'Thượng Cốc', 'Xã', 2, 44),
(707, 'Tích Giang', 'Xã', 2, 44),
(708, 'Trạch Mỹ Lộc', 'Xã', 2, 44),
(709, 'Vân Hà', 'Xã', 2, 44),
(710, 'Vân Nam', 'Xã', 2, 44),
(711, 'Vân Phúc', 'Xã', 2, 44),
(712, 'Võng Xuyên', 'Xã', 2, 44),
(713, 'Xuân Phú', 'Xã', 2, 44),
(714, 'Cấn Hữu', 'Xã', 2, 45),
(715, 'Cộng Hòa', 'Xã', 2, 45),
(716, 'Đại Thành', 'Xã', 2, 45),
(717, 'Đồng Quang', 'Xã', 2, 45),
(718, 'Đông Xuân', 'Xã', 2, 45),
(719, 'Đông Yên', 'Xã', 2, 45),
(720, 'Hòa Thạch', 'Xã', 2, 45),
(721, 'Liệp Tuyết', 'Xã', 2, 45),
(722, 'Nghĩa Hương', 'Xã', 2, 45),
(723, 'Ngọc Liệp', 'Xã', 2, 45),
(724, 'Ngọc Mỹ', 'Xã', 2, 45),
(725, 'Phú Cát', 'Xã', 2, 45),
(726, 'Phú Mãn', 'Xã', 2, 45),
(727, 'Phượng Cách', 'Xã', 2, 45),
(728, 'Quốc Oai', 'Thị trấn', 2, 45),
(729, 'Sài Sơn', 'Xã', 2, 45),
(730, 'Tân Hòa', 'Xã', 2, 45),
(731, 'Tân Phú', 'Xã', 2, 45),
(732, 'Thạch Thán', 'Xã', 2, 45),
(733, 'Tuyết Nghĩa', 'Xã', 2, 45),
(734, 'Yên Sơn', 'Xã', 2, 45),
(735, 'Bắc Phú', 'Xã', 2, 46),
(736, 'Bắc Sơn', 'Xã', 2, 46),
(737, 'Đông Xuân', 'Xã', 2, 46),
(738, 'Đức Hoà', 'Xã', 2, 46),
(739, 'Hiền Ninh', 'Xã', 2, 46),
(740, 'Hồng Kỳ', 'Xã', 2, 46),
(741, 'Kim Lũ', 'Xã', 2, 46),
(742, 'Mai Đình', 'Xã', 2, 46),
(743, 'Minh Phú', 'Xã', 2, 46),
(744, 'Minh Trí', 'Xã', 2, 46),
(745, 'Nam Sơn', 'Xã', 2, 46),
(746, 'Phú Cường', 'Xã', 2, 46),
(747, 'Phù Linh', 'Xã', 2, 46),
(748, 'Phù Lỗ', 'Xã', 2, 46),
(749, 'Phú Minh', 'Xã', 2, 46),
(750, 'Quang Tiến', 'Xã', 2, 46),
(751, 'Sóc Sơn', 'Thị trấn', 2, 46),
(752, 'Tân Dân', 'Xã', 2, 46),
(753, 'Tân Hưng', 'Xã', 2, 46),
(754, 'Tân Minh', 'Xã', 2, 46),
(755, 'Thanh Xuân', 'Xã', 2, 46),
(756, 'Tiên Dược', 'Xã', 2, 46),
(757, 'Trung Giã', 'Xã', 2, 46),
(758, 'Việt Long', 'Xã', 2, 46),
(759, 'Xuân Giang', 'Xã', 2, 46),
(760, 'Xuân Thu', 'Xã', 2, 46),
(761, 'Cổ Đông', 'Xã', 2, 47),
(762, 'Đường Lâm', 'Xã', 2, 47),
(763, 'Kim Sơn', 'Phường', 2, 47),
(764, 'Lê Lợi', 'Phường', 2, 47),
(765, 'Ngô Quyền', 'Phường', 2, 47),
(766, 'Phú Thịnh', 'Phường', 2, 47),
(767, 'Quang Trung', 'Phường', 2, 47),
(768, 'Sơn Đông', 'Xã', 2, 47),
(769, 'Sơn Lộc', 'Phường', 2, 47),
(770, 'Thanh Mỹ', 'Xã', 2, 47),
(771, 'Trung Hưng', 'Phường', 2, 47),
(772, 'Trung Sơn Trầm', 'Phường', 2, 47),
(773, 'Viên Sơn', 'Phường', 2, 47),
(774, 'Xuân Khanh', 'Phường', 2, 47),
(775, 'Xuân Sơn', 'Xã', 2, 47),
(776, 'Bưởi', 'Phường', 2, 48),
(777, 'Nhật Tân', 'Phường', 2, 48),
(778, 'Phú Thượng', 'Phường', 2, 48),
(779, 'Quảng An', 'Phường', 2, 48),
(780, 'Thụy Khuê', 'Phường', 2, 48),
(781, 'Tứ Liên', 'Phường', 2, 48),
(782, 'Xuân La', 'Phường', 2, 48),
(783, 'Yên Phụ', 'Phường', 2, 48),
(784, 'Bình Phú', 'Xã', 2, 49),
(785, 'Bình Yên', 'Xã', 2, 49),
(786, 'Cẩm Yên', 'Xã', 2, 49),
(787, 'Cần Kiệm', 'Xã', 2, 49),
(788, 'Canh Nậu', 'Xã', 2, 49),
(789, 'Chàng Sơn', 'Xã', 2, 49),
(790, 'Đại Đồng', 'Xã', 2, 49),
(791, 'Dị Nậu', 'Xã', 2, 49),
(792, 'Đồng Trúc', 'Xã', 2, 49),
(793, 'Hạ Bằng', 'Xã', 2, 49),
(794, 'Hương Ngải', 'Xã', 2, 49),
(795, 'Hữu Bằng', 'Xã', 2, 49),
(796, 'Kim Quan', 'Xã', 2, 49),
(797, 'Lại Thượng', 'Xã', 2, 49),
(798, 'Liên Quan', 'Thị trấn', 2, 49),
(799, 'Phú Kim', 'Xã', 2, 49),
(800, 'Phùng Xá', 'Xã', 2, 49),
(801, 'Tân Xã', 'Xã', 2, 49),
(802, 'Thạch Hòa', 'Xã', 2, 49),
(803, 'Thạch Xá', 'Xã', 2, 49),
(804, 'Tiến Xuân', 'Xã', 2, 49),
(805, 'Yên Bình', 'Xã', 2, 49),
(806, 'Yên Trung', 'Xã', 2, 49),
(807, 'Bích Hòa', 'Xã', 2, 50),
(808, 'Bình Minh', 'Xã', 2, 50),
(809, 'Cao Dương', 'Xã', 2, 50),
(810, 'Cao Viên', 'Xã', 2, 50),
(811, 'Cự Khê', 'Xã', 2, 50),
(812, 'Dân Hòa', 'Xã', 2, 50),
(813, 'Đỗ Động', 'Xã', 2, 50),
(814, 'Hồng Dương', 'Xã', 2, 50),
(815, 'Kim An', 'Xã', 2, 50),
(816, 'Kim Bài', 'Thị trấn', 2, 50),
(817, 'Kim Thư', 'Xã', 2, 50),
(818, 'Liên Châu', 'Xã', 2, 50),
(819, 'Mỹ Hưng', 'Xã', 2, 50),
(820, 'Phương Trung', 'Xã', 2, 50),
(821, 'Tam Hưng', 'Xã', 2, 50),
(822, 'Tân Ước', 'Xã', 2, 50),
(823, 'Thanh Cao', 'Xã', 2, 50),
(824, 'Thanh Mai', 'Xã', 2, 50),
(825, 'Thanh Thùy', 'Xã', 2, 50),
(826, 'Thanh Văn', 'Xã', 2, 50),
(827, 'Xuân Dương', 'Xã', 2, 50),
(828, 'Đại Áng', 'Xã', 2, 51),
(829, 'Đông Mỹ', 'Xã', 2, 51),
(830, 'Duyên Hà', 'Xã', 2, 51),
(831, 'Hữu Hòa', 'Xã', 2, 51),
(832, 'Liên Ninh', 'Xã', 2, 51),
(833, 'Ngọc Hồi', 'Xã', 2, 51),
(834, 'Ngũ Hiệp', 'Xã', 2, 51),
(835, 'Tả Thanh Oai', 'Xã', 2, 51),
(836, 'Tam Hiệp', 'Xã', 2, 51),
(837, 'Tân Triều', 'Xã', 2, 51),
(838, 'Thanh Liệt', 'Xã', 2, 51),
(839, 'Tứ Hiệp', 'Xã', 2, 51),
(840, 'Văn Điển', 'Thị trấn', 2, 51),
(841, 'Vạn Phúc', 'Xã', 2, 51),
(842, 'Vĩnh Quỳnh', 'Xã', 2, 51),
(843, 'Yên Mỹ', 'Xã', 2, 51),
(844, 'Hạ Đình', 'Phường', 2, 52),
(845, 'Khương Đình', 'Phường', 2, 52),
(846, 'Khương Mai', 'Phường', 2, 52),
(847, 'Khương Trung', 'Phường', 2, 52),
(848, 'Kim Giang', 'Phường', 2, 52),
(849, 'Nhân Chính', 'Phường', 2, 52),
(850, 'Phương Liệt', 'Phường', 2, 52),
(851, 'Thanh Xuân Bắc', 'Phường', 2, 52),
(852, 'Thanh Xuân Nam', 'Phường', 2, 52),
(853, 'Thanh Xuân Trung', 'Phường', 2, 52),
(854, 'Thượng Đình', 'Phường', 2, 52),
(855, 'Chương Dương', 'Xã', 2, 53),
(856, 'Dũng Tiến', 'Xã', 2, 53),
(857, 'Duyên Thái', 'Xã', 2, 53),
(858, 'Hà Hồi', 'Xã', 2, 53),
(859, 'Hiền Giang', 'Xã', 2, 53),
(860, 'Hòa Bình', 'Xã', 2, 53),
(861, 'Hồng Vân', 'Xã', 2, 53),
(862, 'Khánh Hà', 'Xã', 2, 53),
(863, 'Lê Lợi', 'Xã', 2, 53),
(864, 'Liên Phương', 'Xã', 2, 53),
(865, 'Minh Cường', 'Xã', 2, 53),
(866, 'Nghiêm Xuyên', 'Xã', 2, 53),
(867, 'Nguyễn Trãi', 'Xã', 2, 53),
(868, 'Nhị Khê', 'Xã', 2, 53),
(869, 'Ninh Sở', 'Xã', 2, 53),
(870, 'Quất Động', 'Xã', 2, 53),
(871, 'Tân Minh', 'Xã', 2, 53),
(872, 'Thắng Lợi', 'Xã', 2, 53),
(873, 'Thống Nhất', 'Xã', 2, 53),
(874, 'Thư Phú', 'Xã', 2, 53),
(875, 'Thường Tín', 'Thị trấn', 2, 53),
(876, 'Tiền Phong', 'Xã', 2, 53),
(877, 'Tô Hiệu', 'Xã', 2, 53),
(878, 'Tự Nhiên', 'Xã', 2, 53),
(879, 'Văn Bình', 'Xã', 2, 53),
(880, 'Vạn Điểm', 'Xã', 2, 53),
(881, 'Văn Phú', 'Xã', 2, 53),
(882, 'Vân Tảo', 'Xã', 2, 53),
(883, 'Văn Tự', 'Xã', 2, 53),
(884, 'Cao Thành', 'Xã', 2, 54),
(885, 'Đại Cường', 'Xã', 2, 54),
(886, 'Đại Hùng', 'Xã', 2, 54),
(887, 'Đội Bình', 'Xã', 2, 54),
(888, 'Đông Lỗ', 'Xã', 2, 54),
(889, 'Đồng Tân', 'Xã', 2, 54),
(890, 'Đồng Tiến', 'Xã', 2, 54),
(891, 'Hòa Lâm', 'Xã', 2, 54),
(892, 'Hòa Nam', 'Xã', 2, 54),
(893, 'Hòa Phú', 'Xã', 2, 54),
(894, 'Hoa Sơn', 'Xã', 2, 54),
(895, 'Hòa Xá', 'Xã', 2, 54),
(896, 'Hồng Quang', 'Xã', 2, 54),
(897, 'Kim Đường', 'Xã', 2, 54),
(898, 'Liên Bạt', 'Xã', 2, 54),
(899, 'Lưu Hoàng', 'Xã', 2, 54),
(900, 'Minh Đức', 'Xã', 2, 54),
(901, 'Phù Lưu', 'Xã', 2, 54),
(902, 'Phương Tú', 'Xã', 2, 54),
(903, 'Quảng Phú Cầu', 'Xã', 2, 54),
(904, 'Sơn Công', 'Xã', 2, 54),
(905, 'Tân Phương', 'Xã', 2, 54),
(906, 'Tảo Dương Văn', 'Xã', 2, 54),
(907, 'Trầm Lộng', 'Xã', 2, 54),
(908, 'Trung Tú', 'Xã', 2, 54),
(909, 'Trường Thịnh', 'Xã', 2, 54),
(910, 'Vân Đình', 'Thị trấn', 2, 54),
(911, 'Vạn Thái', 'Xã', 2, 54),
(912, 'Viên An', 'Xã', 2, 54),
(913, 'Viên Nội', 'Xã', 2, 54),
(914, 'Hòa An', 'Phường', 3, 55),
(915, 'Hòa Phát', 'Phường', 3, 55),
(916, 'Hòa Thọ Đông', 'Phường', 3, 55),
(917, 'Hòa Thọ Tây', 'Phường', 3, 55),
(918, 'Hòa Xuân', 'Phường', 3, 55),
(919, 'Khuê Trung', 'Phường', 3, 55),
(920, ' Hải Châu I', 'Phường', 3, 56),
(921, ' Hòa Thuận Đông', 'Phường', 3, 56),
(922, 'Bình Hiên', 'Phường', 3, 56),
(923, 'Bình Thuận', 'Phường', 3, 56),
(924, 'Hải Châu II', 'Phường', 3, 56),
(925, 'Hòa Cường Bắc', 'Phường', 3, 56),
(926, 'Hòa Cường Nam', 'Phường', 3, 56),
(927, 'Hòa Thuận Tây', 'Phường', 3, 56),
(928, 'Nam Dương', 'Phường', 3, 56),
(929, 'Phước Ninh', 'Phường', 3, 56),
(930, 'Thạch Thang', 'Phường', 3, 56),
(931, 'Thanh Bình', 'Phường', 3, 56),
(932, 'Thuận Phước', 'Phường', 3, 56),
(933, 'Hòa Bắc', 'Phường', 3, 57),
(934, 'Hòa Châu', 'Phường', 3, 57),
(935, 'Hòa Khương', 'Phường', 3, 57),
(936, 'Hòa Liên', 'Phường', 3, 57),
(937, 'Hòa Nhơn', 'Phường', 3, 57),
(938, 'Hòa Ninh', 'Xã', 3, 57),
(939, 'Hòa Phong', 'Xã', 3, 57),
(940, 'Hòa Phú', 'Xã', 3, 57),
(941, 'Hòa Phước', 'Xã', 3, 57),
(942, 'Hòa Sơn', 'Xã', 3, 57),
(943, 'Hòa Tiến', 'Xã', 3, 57),
(944, 'Hòa Hiệp Bắc', 'Phường', 3, 59),
(945, 'Hòa Hiệp Nam', 'Phường', 3, 59),
(946, 'Hòa Khánh Bắc', 'Phường', 3, 59),
(947, 'Hòa Khánh Nam', 'Phường', 3, 59),
(948, 'Hòa Minh', 'Phường', 3, 59),
(949, ' Khuê Mỹ', 'Phường', 3, 60),
(950, 'Hòa Hải', 'Phường', 3, 60),
(951, 'Hòa Quý', 'Phường', 3, 60),
(952, 'Mỹ An', 'Phường', 3, 60),
(953, ' An Hải Bắc', 'Phường', 3, 61),
(954, 'An Hải Đông', 'Phường', 3, 61),
(955, 'An Hải Tây', 'Phường', 3, 61),
(956, 'Mân Thái', 'Phường', 3, 61),
(957, 'Nại Hiên Đông ', 'Phường', 3, 61),
(958, 'Phước Mỹ', 'Phường', 3, 61),
(959, 'Thọ Quang', 'Phường', 3, 61),
(960, 'An Khê', 'Phường', 3, 62),
(961, 'Chính Gián', 'Phường', 3, 62),
(962, 'Hòa Khê', 'Phường', 3, 62),
(963, 'Tam Thuận', 'Phường', 3, 62),
(964, 'Tân Chính', 'Phường', 3, 62),
(965, 'Thạc Gián', 'Phường', 3, 62),
(966, 'Thanh Khê Đông', 'Phường', 3, 62),
(967, 'Thanh Khê Tây', 'Phường', 3, 62),
(968, 'Thanh Lộc Đán', 'Phường', 3, 62),
(969, 'Vĩnh Trung', 'Phường', 3, 62),
(970, 'Xuân Hà', 'Phường', 3, 62),
(971, 'Cây Trường II', 'Xã', 4, 63),
(972, 'Hưng Hòa', 'Xã', 4, 63),
(973, 'Lai Hưng', 'Xã', 4, 63),
(974, 'Lai Uyên', 'Xã', 4, 63),
(975, 'Lai Uyên', 'Xã', 4, 63),
(976, 'Long Nguyên', 'Xã', 4, 63),
(977, 'Tân Hưng', 'Xã', 4, 63),
(978, 'Trừ Văn Thố', 'Xã', 4, 63),
(979, 'An Điền', 'Xã', 4, 64),
(980, 'An Tây', 'Xã', 4, 64),
(981, 'Cây Trường', 'Xã', 4, 64),
(982, 'Chánh Phú Hòa', 'Xã', 4, 64),
(983, 'Hòa Lợi', 'Phường', 4, 64),
(984, 'Mỹ Phước', 'Phường', 4, 64),
(985, 'Phú An', 'Xã', 4, 64),
(986, 'Tân Định', 'Xã', 4, 64),
(987, 'Thới Hòa', 'Xã', 4, 64),
(988, 'An Lập', 'Xã', 4, 65),
(989, 'Dầu Tiếng', 'Phường', 4, 65),
(990, 'Định  Hiệp', 'Xã', 4, 65),
(991, 'Định An', 'Xã', 4, 65),
(992, 'Định Thành', 'Xã', 4, 65),
(993, 'Long Hòa', 'Xã', 4, 65),
(994, 'Long Tân', 'Xã', 4, 65),
(995, 'Minh Hòa', 'Xã', 4, 65),
(996, 'Minh Tân', 'Xã', 4, 65),
(997, 'Minh Thạnh', 'Xã', 4, 65),
(998, 'Thanh An', 'Xã', 4, 65),
(999, 'Thanh Tuyền', 'Xã', 4, 65),
(1000, 'An Bình', 'Phường', 4, 66),
(1001, 'Bình An', 'Phường', 4, 66),
(1002, 'Bình Thắng', 'Phường', 4, 66),
(1003, 'Dĩ An', 'Phường', 4, 66),
(1004, 'Đông Hòa', 'Phường', 4, 66),
(1005, 'Tân Bình', 'Phường', 4, 66),
(1006, 'Tân Đông Hiệp', 'Phường', 4, 66),
(1007, 'An Bình', 'Xã', 4, 67),
(1008, 'An Linh', 'Xã', 4, 67),
(1009, 'An Long', 'Xã', 4, 67),
(1010, 'An Thái', 'Xã', 4, 67),
(1011, 'Phước Hòa', 'Xã', 4, 67),
(1012, 'Phước Sang', 'Xã', 4, 67),
(1013, 'Phước Vĩnh', 'Phường', 4, 67),
(1014, 'Tam Lập', 'Xã', 4, 67),
(1015, 'Tân Hiệp', 'Xã', 4, 67),
(1016, 'Tân Long', 'Xã', 4, 67),
(1017, 'Vĩnh Hòa', 'Xã', 4, 67),
(1018, 'Bạch Đằng', 'Xã', 4, 68),
(1019, 'Bình Mỹ', 'Xã', 4, 68),
(1020, 'Đất Cuốc', 'Xã', 4, 68),
(1021, 'Hiếu Liêm', 'Xã', 4, 68),
(1022, 'Hội Nghĩa', 'Xã', 4, 68),
(1023, 'Khánh Bình', 'Xã', 4, 68),
(1024, 'Lạc An', 'Xã', 4, 68),
(1025, 'Phú Chánh', 'Xã', 4, 68),
(1026, 'Tân Bình', 'Xã', 4, 68),
(1027, 'Tân Định', 'Xã', 4, 68),
(1028, 'Tân Hiệp', 'Xã', 4, 68),
(1029, 'Tân Lập', 'Xã', 4, 68),
(1030, 'Tân Mỹ', 'Xã', 4, 68),
(1031, 'Tân Phước Khánh', 'Phường', 4, 68),
(1032, 'Tân Thành', 'Xã', 4, 68),
(1033, 'Tân Vĩnh Hiệp', 'Xã', 4, 68),
(1034, 'Thái Hòa', 'Phường', 4, 68),
(1035, 'Thạnh Hội', 'Xã', 4, 68),
(1036, 'Thạnh Phước', 'Xã', 4, 68),
(1037, 'Thường Tân', 'Xã', 4, 68),
(1038, 'Uyên Hưng', 'Phường', 4, 68),
(1039, 'Vĩnh Tân', 'Xã', 4, 68),
(1040, 'Chánh Mỹ', 'Xã', 4, 69),
(1041, 'Chánh Nghĩa', 'Phường', 4, 69),
(1042, 'Định Hòa', 'Phường', 4, 69),
(1043, 'Hiệp An', 'Phường', 4, 69),
(1044, 'Hiệp Thành', 'Phường', 4, 69),
(1045, 'Hòa Phú', 'Phường', 4, 69),
(1046, 'Phú Cường', 'Phường', 4, 69),
(1047, 'Phú Hòa', 'Phường', 4, 69),
(1048, 'Phú Lợi', 'Phường', 4, 69),
(1049, 'Phú Mỹ', 'Phường', 4, 69),
(1050, 'Phú Tân', 'Phường', 4, 69),
(1051, 'Phú Thọ', 'Phường', 4, 69),
(1052, 'Tân An', 'Xã', 4, 69),
(1053, 'Tương Bình Hiệp', 'Xã', 4, 69),
(1054, 'An Phú', 'Phường', 4, 70),
(1055, 'An Sơn', 'Xã', 4, 70),
(1056, 'An Thạnh', 'Phường', 4, 70),
(1057, 'Bình Chuẩn', 'Phường', 4, 70),
(1058, 'Bình Hòa', 'Phường', 4, 70),
(1059, 'Bình Nhâm', 'Xã', 4, 70),
(1060, 'Hưng Định', 'Xã', 4, 70),
(1061, 'Lái Thiêu', 'Phường', 4, 70),
(1062, 'Thuận Giao', 'Phường', 4, 70),
(1063, 'Vĩnh Phú', 'Phường', 4, 70),
(1064, 'An Bình', 'Phường', 5, 71),
(1065, 'An Hòa', 'Xã', 5, 71),
(1066, 'Bàu Hang', 'Phường', 5, 71),
(1067, 'Bình Đa', 'Phường', 5, 71),
(1068, 'Bửu Hòa', 'Phường', 5, 71),
(1069, 'Bửu Long', 'Phường', 5, 71),
(1070, 'Hiệp Hòa', 'Xã', 5, 71),
(1071, 'Hố Cạn', 'Phường', 5, 71),
(1072, 'Hố Nai', 'Phường', 5, 71),
(1073, 'Hóa An', 'Phường', 5, 71),
(1074, 'Hòa Bình', 'Phường', 5, 71),
(1075, 'Long Bình', 'Phường', 5, 71),
(1076, 'Long Bình Tân', 'Phường', 5, 71),
(1077, 'Long Hưng', 'Xã', 5, 71),
(1078, 'Phước Tân', 'Xã', 5, 71),
(1079, 'Quang Vinh', 'Phường', 5, 71),
(1080, 'Quyết Thắng', 'Phường', 5, 71),
(1081, 'Tam Hiệp', 'Phường', 5, 71),
(1082, 'Tam Hòa', 'Phường', 5, 71),
(1083, 'Tam Phước', 'Xã', 5, 71),
(1084, 'Tân Biên', 'Phường', 5, 71),
(1085, 'Tân Hạnh', 'Xã', 5, 71),
(1086, 'Tân Hiệp', 'Phường', 5, 71),
(1087, 'Tân Hòa', 'Phường', 5, 71),
(1088, 'Tân Long', 'Phường', 5, 71),
(1089, 'Tân Mai', 'Phường', 5, 71),
(1090, 'Tân Phong', 'Phường', 5, 71),
(1091, 'Tân Tiến', 'Phường', 5, 71),
(1092, 'Tân Vạn', 'Phường', 5, 71),
(1093, 'Thanh Bình', 'Phường', 5, 71),
(1094, 'Thống Nhất', 'Phường', 5, 71),
(1095, 'Trảng Dài', 'Phường', 5, 71),
(1096, 'Trung Dũng', 'Phường', 5, 71),
(1097, 'Bảo Bình', 'Xã', 5, 72),
(1098, 'Lâm San', 'Xã', 5, 72),
(1099, 'Long Giao', 'Thị trấn', 5, 72),
(1100, 'Nhân Nghĩa', 'Xã', 5, 72),
(1101, 'Sông Nhạn', 'Xã', 5, 72),
(1102, 'Sông Ray', 'Xã', 5, 72),
(1103, 'Thừa Đức', 'Xã', 5, 72),
(1104, 'Xuân Bảo', 'Xã', 5, 72),
(1105, 'Xuân Đông', 'Xã', 5, 72),
(1106, 'Xuân Đường', 'Xã', 5, 72),
(1107, 'Xuân Mỹ', 'Xã', 5, 72),
(1108, 'Xuân Quế', 'Xã', 5, 72),
(1109, 'Xuân Tây', 'Xã', 5, 72),
(1110, 'Định Quán', 'Thị trấn', 5, 73),
(1111, 'Gia Canh', 'Xã', 5, 73),
(1112, 'La Ngà', 'Xã', 5, 73),
(1113, 'Ngọc Định', 'Xã', 5, 73),
(1114, 'Phú Cường', 'Xã', 5, 73),
(1115, 'Phú Hoà', 'Xã', 5, 73),
(1116, 'Phú Lợi', 'Xã', 5, 73),
(1117, 'Phú Ngọc', 'Xã', 5, 73),
(1118, 'Phú Tân', 'Xã', 5, 73),
(1119, 'Phú Túc', 'Xã', 5, 73),
(1120, 'Phú Vinh', 'Xã', 5, 73),
(1121, 'Suối Nho', 'Xã', 5, 73),
(1122, 'Thanh Sơn', 'Xã', 5, 73),
(1123, 'Túc Trưng', 'Xã', 5, 73),
(1124, 'Bảo Hoà', 'Xã', 5, 74),
(1125, 'Bảo Quang', 'Xã', 5, 74),
(1126, 'Bảo Vinh', 'Xã', 5, 74),
(1127, 'Bàu Sen', 'Xã', 5, 74),
(1128, 'Bàu Trâm', 'Xã', 5, 74),
(1129, 'Bình Lộc', 'Xã', 5, 74),
(1130, 'Hàng Gòn', 'Xã', 5, 74),
(1131, 'Phú Bình', 'Phường', 5, 74),
(1132, 'Suối Tre', 'Xã', 5, 74),
(1133, 'Xuân An', 'Phường', 5, 74),
(1134, 'Xuân Bình', 'Phường', 5, 74),
(1135, 'Xuân Hòa', 'Phường', 5, 74),
(1136, 'Xuân Lập', 'Xã', 5, 74),
(1137, 'Xuân Tân', 'Xã', 5, 74),
(1138, 'Xuân Thanh', 'Phường', 5, 74),
(1139, 'Xuân Trung', 'Phường', 5, 74),
(1140, 'An Phước', 'Xã', 5, 75),
(1141, 'Bàu Cạn', 'Xã', 5, 75),
(1142, 'Bình An', 'Xã', 5, 75),
(1143, 'Bình Sơn', 'Xã', 5, 75),
(1144, 'Cẩm Đường', 'Xã', 5, 75),
(1145, 'Lộc An', 'Xã', 5, 75),
(1146, 'Long An', 'Xã', 5, 75),
(1147, 'Long Đức', 'Xã', 5, 75),
(1148, 'Long Phước', 'Xã', 5, 75),
(1149, 'Long Thành', 'Thị trấn', 5, 75),
(1150, 'Phước Bình', 'Xã', 5, 75),
(1151, 'Phước Tân', 'Xã', 5, 75),
(1152, 'Phước Thái', 'Xã', 5, 75),
(1153, 'Suối Trầu', 'Xã', 5, 75),
(1154, 'Tam An', 'Xã', 5, 75),
(1155, 'Tân Hiệp', 'Xã', 5, 75),
(1156, 'Đại Phước', 'Xã', 5, 76),
(1157, 'Hiệp Phước', 'Xã', 5, 76),
(1158, 'Long Tân', 'Xã', 5, 76),
(1159, 'Long Thọ', 'Xã', 5, 76),
(1160, 'Phú Đông', 'Xã', 5, 76),
(1161, 'Phú Hội', 'Xã', 5, 76),
(1162, 'Phú Hữu', 'Xã', 5, 76),
(1163, 'Phú Thạnh', 'Xã', 5, 76),
(1164, 'Phước An', 'Xã', 5, 76),
(1165, 'Phước Khánh', 'Xã', 5, 76),
(1166, 'Phước Thiền', 'Xã', 5, 76),
(1167, 'Vĩnh Thanh', 'Xã', 5, 76),
(1168, 'Đăk Lua', 'Xã', 5, 77),
(1169, 'Nam Cát Tiên', 'Xã', 5, 77),
(1170, 'Núi Tượng', 'Xã', 5, 77),
(1171, 'Phú An', 'Xã', 5, 77),
(1172, 'Phú Bình', 'Xã', 5, 77),
(1173, 'Phú Điền', 'Xã', 5, 77),
(1174, 'Phú Lâm', 'Xã', 5, 77),
(1175, 'Phú Lập', 'Xã', 5, 77),
(1176, 'Phú Lộc', 'Xã', 5, 77),
(1177, 'Phú Sơn', 'Xã', 5, 77),
(1178, 'Phú Thanh', 'Xã', 5, 77),
(1179, 'Phú Thịnh', 'Xã', 5, 77),
(1180, 'Phú Trung', 'Xã', 5, 77),
(1181, 'Phú Xuân', 'Xã', 5, 77),
(1182, 'Tà Lài', 'Xã', 5, 77),
(1183, 'Tân Phú', 'Thị trấn', 5, 77),
(1184, 'Thanh Sơn', 'Xã', 5, 77),
(1185, 'Trà Cổ', 'Xã', 5, 77),
(1186, 'Bàu Hàm 2', 'Xã', 5, 78),
(1187, 'Dầu Giây', 'Thị trấn', 5, 78),
(1188, 'Gia Kiệm', 'Xã', 5, 78),
(1189, 'Gia Tân 1', 'Xã', 5, 78),
(1190, 'Gia Tân 2', 'Xã', 5, 78),
(1191, 'Gia Tân 3', 'Xã', 5, 78),
(1192, 'Hưng Lộc', 'Xã', 5, 78),
(1193, 'Lộ 25', 'Xã', 5, 78),
(1194, 'Quang Trung', 'Xã', 5, 78),
(1195, 'Xuân Thạnh', 'Xã', 5, 78),
(1196, 'Xuân Thiện', 'Xã', 5, 78),
(1197, 'An Viễn', 'Xã', 5, 79),
(1198, 'Bắc Sơn', 'Xã', 5, 79),
(1199, 'Bàu Hàm', 'Xã', 5, 79),
(1200, 'Bình Minh', 'Xã', 5, 79),
(1201, 'Cây Gáo', 'Xã', 5, 79),
(1202, 'Đồi 61', 'Xã', 5, 79),
(1203, 'Đông Hòa', 'Xã', 5, 79),
(1204, 'Giang Điền', 'Xã', 5, 79),
(1205, 'Hố Nai 3', 'Xã', 5, 79),
(1206, 'Hòa Trung', 'Xã', 5, 79),
(1207, 'Hưng Thịnh', 'Xã', 5, 79),
(1208, 'Quảng Tiến', 'Xã', 5, 79),
(1209, 'Sông Thao', 'Xã', 5, 79),
(1210, 'Sông Trầu', 'Xã', 5, 79),
(1211, 'Tây Hòa', 'Xã', 5, 79),
(1212, 'Thanh Bình', 'Xã', 5, 79),
(1213, 'Trảng Bom', 'Thị trấn', 5, 79),
(1214, 'Trung Hòa', 'Xã', 5, 79),
(1215, 'Bình Hòa', 'Xã', 5, 80),
(1216, 'Bình Lợi', 'Xã', 5, 80),
(1217, 'Hiếu Liêm', 'Xã', 5, 80),
(1218, 'Mã Đà', 'Xã', 5, 80),
(1219, 'Phú Lý', 'Xã', 5, 80),
(1220, 'Tân An', 'Xã', 5, 80),
(1221, 'Tân Bình', 'Xã', 5, 80),
(1222, 'Thạnh Phú', 'Xã', 5, 80),
(1223, 'Thiện Tân', 'Xã', 5, 80),
(1224, 'Trị An', 'Xã', 5, 80),
(1225, 'Vĩnh An', 'Thị trấn', 5, 80),
(1226, 'Vĩnh Tân', 'Xã', 5, 80),
(1227, 'Bảo Hòa', 'Xã', 5, 81),
(1228, 'Gia Ray', 'Thị trấn', 5, 81),
(1229, 'Lang Minh', 'Xã', 5, 81),
(1230, 'Suối Cao', 'Xã', 5, 81),
(1231, 'Suối Cát', 'Xã', 5, 81),
(1232, 'Xuân Bắc', 'Xã', 5, 81),
(1233, 'Xuân Định', 'Xã', 5, 81),
(1234, 'Xuân Hiệp', 'Xã', 5, 81),
(1235, 'Xuân Hòa', 'Xã', 5, 81),
(1236, 'Xuân Hưng', 'Xã', 5, 81),
(1237, 'Xuân Phú', 'Xã', 5, 81),
(1238, 'Xuân Tâm', 'Xã', 5, 81),
(1239, 'Xuân Thành', 'Xã', 5, 81),
(1240, 'Xuân Thọ', 'Xã', 5, 81),
(1241, 'Xuân Trường', 'Xã', 5, 81),
(1242, 'Cam An Bắc', 'Xã', 6, 82),
(1243, 'Cam An Nam', 'Xã', 6, 82),
(1244, 'Cam Đức', 'Thị trấn', 6, 82),
(1245, 'Cam Hải Đông', 'Xã', 6, 82),
(1246, 'Cam Hải Tây', 'Xã', 6, 82),
(1247, 'Cam Hiệp Bắc', 'Xã', 6, 82),
(1248, 'Cam Hiệp Nam', 'Xã', 6, 82),
(1249, 'Cam Hòa', 'Xã', 6, 82),
(1250, 'Cam Phước Tây', 'Xã', 6, 82),
(1251, 'Cam Tân', 'Xã', 6, 82),
(1252, 'Cam Thành Bắc', 'Xã', 6, 82),
(1253, 'Sơn Tân', 'Xã', 6, 82),
(1254, 'Suối Cát', 'Xã', 6, 82),
(1255, 'Suối Tân', 'Xã', 6, 82),
(1256, 'Ba Ngòi', 'Phường', 6, 83),
(1257, 'Cam Bình', 'Xã', 6, 83),
(1258, 'Cam Lập', 'Xã', 6, 83),
(1259, 'Cam Linh', 'Phường', 6, 83),
(1260, 'Cam Lộc', 'Phường', 6, 83),
(1261, 'Cam Lợi', 'Phường', 6, 83),
(1262, 'Cam Nghĩa', 'Phường', 6, 83),
(1263, 'Cam Phú', 'Phường', 6, 83),
(1264, 'Cam Phúc Bắc', 'Phường', 6, 83),
(1265, 'Cam Phúc Nam', 'Phường', 6, 83),
(1266, 'Cam Phước Đông', 'Xã', 6, 83),
(1267, 'Cam Thành Nam', 'Xã', 6, 83),
(1268, 'Cam Thịnh Đông', 'Xã', 6, 83),
(1269, 'Cam Thịnh Tây', 'Xã', 6, 83),
(1270, 'Cam Thuận', 'Phường', 6, 83),
(1271, 'Diên An', 'Xã', 6, 84),
(1272, 'Diên Bình', 'Xã', 6, 84),
(1273, 'Diên Điền', 'Xã', 6, 84),
(1274, 'Diên Đồng', 'Xã', 6, 84),
(1275, 'Diên Hòa', 'Xã', 6, 84),
(1276, 'Diên Khánh ', 'Phường', 6, 84),
(1277, 'Diên Lạc', 'Xã', 6, 84),
(1278, 'Diên Lâm', 'Xã', 6, 84),
(1279, 'Diên Lộc', 'Xã', 6, 84),
(1280, 'Diên Phú', 'Xã', 6, 84),
(1281, 'Diên Phước', 'Xã', 6, 84),
(1282, 'Diên Sơn', 'Xã', 6, 84),
(1283, 'Diên Tân', 'Xã', 6, 84),
(1284, 'Diên Thạnh', 'Xã', 6, 84),
(1285, 'Diên Thọ', 'Xã', 6, 84),
(1286, 'Diên Toàn', 'Xã', 6, 84),
(1287, 'Diên Xuân', 'Xã', 6, 84),
(1288, 'Suối Hiệp', 'Xã', 6, 84),
(1289, 'Suối Tiên', 'Xã', 6, 84),
(1290, 'Ba Cụm Bắc', 'Xã', 6, 85),
(1291, 'Ba Cụm Nam', 'Xã', 6, 85),
(1292, 'Sơn Bình', 'Xã', 6, 85),
(1293, 'Sơn Hiệp', 'Xã', 6, 85),
(1294, 'Sơn Lâm', 'Xã', 6, 85),
(1295, 'Sơn Trung', 'Xã', 6, 85),
(1296, 'Thành Sơn', 'Xã', 6, 85),
(1297, 'Tô Hạp', 'Thị trấn', 6, 85),
(1298, 'Cầu Bà', 'Xã', 6, 86),
(1299, 'Giang Ly', 'Xã', 6, 86),
(1300, 'Khánh Bình', 'Xã', 6, 86),
(1301, 'Khánh Đông', 'Xã', 6, 86),
(1302, 'Khánh Hiệp', 'Xã', 6, 86),
(1303, 'Khánh Nam', 'Xã', 6, 86),
(1304, 'Khánh Phú', 'Xã', 6, 86),
(1305, 'Khánh Thành', 'Xã', 6, 86),
(1306, 'Khánh Thượng', 'Xã', 6, 86),
(1307, 'Khánh Trung', 'Xã', 6, 86),
(1308, 'Khánh Vĩnh', 'Thị trấn', 6, 86),
(1309, 'Liên Sang', 'Xã', 6, 86),
(1310, 'Sơn Thái', 'Xã', 6, 86),
(1311, 'Sông Cầu', 'Xã', 6, 86),
(1312, 'Lộc Thọ', 'Phường', 6, 87),
(1313, 'Ngọc Hiệp', 'Phường', 6, 87),
(1314, 'Phước Đồng', 'Xã', 6, 87),
(1315, 'Phước Hải', 'Phường', 6, 87),
(1316, 'Phước Hòa', 'Phường', 6, 87),
(1317, 'Phước Long ', 'Phường', 6, 87),
(1318, 'Phước Tân', 'Phường', 6, 87),
(1319, 'Phước Tiến', 'Phường', 6, 87),
(1320, 'Phương Sài', 'Phường', 6, 87),
(1321, 'Phương Sơn', 'Phường', 6, 87),
(1322, 'Tân Lập', 'Phường', 6, 87),
(1323, 'Vạn Thắng', 'Phường', 6, 87),
(1324, 'Vạn Thạnh', 'Phường', 6, 87),
(1325, 'Vĩnh Hải', 'Phường', 6, 87),
(1326, 'Vĩnh Hiệp', 'Xã', 6, 87),
(1327, 'Vĩnh Hòa', 'Phường', 6, 87),
(1328, 'Vĩnh Lương', 'Xã', 6, 87),
(1329, 'Vĩnh Ngọc', 'Xã', 6, 87),
(1330, 'Vĩnh Nguyên', 'Phường', 6, 87),
(1331, 'Vĩnh Phước', 'Phường', 6, 87),
(1332, 'Vĩnh Phương', 'Xã', 6, 87),
(1333, 'Vĩnh Thái', 'Xã', 6, 87),
(1334, 'Vĩnh Thạnh', 'Xã', 6, 87),
(1335, 'Vĩnh Thọ', 'Phường', 6, 87),
(1336, 'Vĩnh Trung', 'Xã', 6, 87),
(1337, 'Vĩnh Trường', 'Phường', 6, 87),
(1338, 'Xương Huân', 'Phường', 6, 87),
(1339, 'Diên Toàn', 'Xã', 6, 88),
(1340, 'Ninh An', 'Xã', 6, 88),
(1341, 'Ninh Bình', 'Xã', 6, 88),
(1342, 'Ninh Đa', 'Phường', 6, 88),
(1343, 'Ninh Diêm', 'Phường', 6, 88),
(1344, 'Ninh Đông', 'Xã', 6, 88),
(1345, 'Ninh Giang', 'Phường', 6, 88),
(1346, 'Ninh Hà', 'Phường', 6, 88),
(1347, 'Ninh Hải', 'Phường', 6, 88),
(1348, 'Ninh Hiệp', 'Phường', 6, 88),
(1349, 'Ninh Hưng', 'Xã', 6, 88),
(1350, 'Ninh Ích', 'Xã', 6, 88),
(1351, 'Ninh Lộc', 'Xã', 6, 88),
(1352, 'Ninh Phú', 'Xã', 6, 88),
(1353, 'Ninh Phụng', 'Xã', 6, 88),
(1354, 'Ninh Phước', 'Xã', 6, 88),
(1355, 'Ninh Quang', 'Xã', 6, 88),
(1356, 'Ninh Sim', 'Xã', 6, 88),
(1357, 'Ninh Sơn', 'Xã', 6, 88),
(1358, 'Ninh Tân', 'Xã', 6, 88),
(1359, 'Ninh Tây', 'Xã', 6, 88),
(1360, 'Ninh Thân', 'Xã', 6, 88),
(1361, 'Ninh Thọ', 'Xã', 6, 88),
(1362, 'Ninh Thượng', 'Xã', 6, 88),
(1363, 'Ninh Thủy', 'Phường', 6, 88),
(1364, 'Ninh Trung', 'Xã', 6, 88),
(1365, 'Ninh Vân', 'Xã', 6, 88),
(1366, 'Ninh Xuân', 'Xã', 6, 88),
(1367, 'Sinh Tồn', 'Xã', 6, 89),
(1368, 'Song Tử Tây', 'Xã', 6, 89),
(1369, 'Trường Sa', 'Thị trấn', 6, 89),
(1370, 'Đại Lãnh', 'Xã', 6, 90),
(1371, 'Vạn Bình', 'Xã', 6, 90),
(1372, 'Vạn Giã', 'Thị trấn', 6, 90),
(1373, 'Vạn Hưng', 'Xã', 6, 90),
(1374, 'Vạn Khánh', 'Xã', 6, 90),
(1375, 'Vạn Long', 'Xã', 6, 90),
(1376, 'Vạn Lương', 'Xã', 6, 90),
(1377, 'Vạn Phú', 'Xã', 6, 90),
(1378, 'Vạn Phước', 'Xã', 6, 90),
(1379, 'Vạn Thắng', 'Xã', 6, 90),
(1380, 'Vạn Thạnh', 'Xã', 6, 90),
(1381, 'Vạn Thọ', 'Xã', 6, 90),
(1382, 'Xuân Sơn', 'Xã', 6, 90),
(1383, 'An Đồng', 'Xã', 7, 91),
(1384, 'An Dương', 'Thị trấn', 7, 91),
(1385, 'An Hải', 'Phường', 7, 91),
(1386, 'An Hòa', 'Xã', 7, 91),
(1387, 'An Hồng', 'Phường', 7, 91),
(1388, 'An Hưng', 'Xã', 7, 91),
(1389, 'Bắc Sơn', 'Xã', 7, 91),
(1390, 'Đại Bản', 'Xã', 7, 91),
(1391, 'Đặng Cương', 'Xã', 7, 91),
(1392, 'Đồng Thái', 'Xã', 7, 91),
(1393, 'Hồng phong', 'Xã', 7, 91),
(1394, 'Hồng Thái', 'Xã', 7, 91),
(1395, 'Hồng Tiến', 'Xã', 7, 91),
(1396, 'Lê Lợi', 'Xã', 7, 91),
(1397, 'Lê Thiên', 'Xã', 7, 91),
(1398, 'Nam Sơn', 'Xã', 7, 91),
(1399, 'Quốc Tuấn', 'Xã', 7, 91),
(1400, 'Tân Tiến', 'Xã', 7, 91),
(1401, 'An Lão', 'Xã', 7, 92),
(1402, 'An Thái', 'Xã', 7, 92),
(1403, 'An Thắng', 'Xã', 7, 92),
(1404, 'An Thọ', 'Xã', 7, 92),
(1405, 'An Tiến', 'Xã', 7, 92),
(1406, 'Bát Trang', 'Xã', 7, 92),
(1407, 'Chiến Thắng', 'Xã', 7, 92),
(1408, 'Mỹ Đức', 'Xã', 7, 92),
(1409, 'Quang Hưng', 'Xã', 7, 92),
(1410, 'Quang Trung', 'Xã', 7, 92),
(1411, 'Quốc Tuấn', 'Xã', 7, 92),
(1412, 'Tân Dân', 'Xã', 7, 92),
(1413, 'Tân Viên', 'Xã', 7, 92),
(1414, 'Thái Sơn', 'Xã', 7, 92),
(1415, 'Trường Sơn', 'Xã', 7, 92),
(1416, 'Trường Thành', 'Xã', 7, 92),
(1417, 'Trường Thọ', 'Xã', 7, 92),
(1418, ' Đồng Bài', 'Xã', 7, 94),
(1419, 'Cát Bà', 'Xã', 7, 94),
(1420, 'Cát Hải', 'Xã', 7, 94),
(1421, 'Gia Luận', 'Xã', 7, 94),
(1422, 'Hiền Hào', 'Xã', 7, 94),
(1423, 'Hoàng Châu', 'Xã', 7, 94),
(1424, 'Nghĩa Lộ', 'Xã', 7, 94),
(1425, 'Phù Long', 'Xã', 7, 94),
(1426, 'Trân Châu', 'Xã', 7, 94),
(1427, 'Văn Phong', 'Xã', 7, 94),
(1428, 'Việt Hải', 'Xã', 7, 94),
(1429, 'Xuân Đám', 'Xã', 7, 94),
(1430, 'Bàng La', 'Phường', 7, 95),
(1431, 'Hợp Đức', 'Phường', 7, 95),
(1432, 'Minh Đức', 'Phường', 7, 95),
(1433, 'Ngọc Hải', 'Phường', 7, 95),
(1434, 'Ngọc Xuyên', 'Phường', 7, 95),
(1435, 'Vạn Hương', 'Phường', 7, 95),
(1436, 'Vạn Sơn', 'Phường', 7, 95),
(1437, 'Anh Dũng', 'Phường', 7, 96),
(1438, 'Đa Phúc', 'Phường', 7, 96),
(1439, 'Hải Thành', 'Phường', 7, 96),
(1440, 'Hòa Nghĩa', 'Phường', 7, 96),
(1441, 'Hưng Đạo', 'Phường', 7, 96),
(1442, 'Tân Thành', 'Phường', 7, 96),
(1443, ' Đằng Hải', 'Phường', 7, 97),
(1444, 'An Khê', 'Xã', 7, 97),
(1445, 'Cát Bi', 'Phường', 7, 97),
(1446, 'Đằng Lâm', 'Phường', 7, 97),
(1447, 'Đông Hải 1', 'Phường', 7, 97),
(1448, 'Đông Hải 2', 'Phường', 7, 97),
(1449, 'Nam Hải', 'Phường', 7, 97),
(1450, 'Thành Tô', 'Phường', 7, 97),
(1451, 'Tràng Cát', 'Phường', 7, 97),
(1452, 'Hạ Lý', 'Phường', 7, 98),
(1453, 'Hoàng Văn Thụ', 'Phường', 7, 98),
(1454, 'Hùng Vương', 'Phường', 7, 98),
(1455, 'Minh Khai', 'Phường', 7, 98),
(1456, 'Nam Sơn', 'Phường', 7, 98),
(1457, 'Phạm Hồng Thái', 'Phường', 7, 98),
(1458, 'Phan Bội Châu', 'Phường', 7, 98),
(1459, 'Quán Toan', 'Phường', 7, 98),
(1460, 'Quang Trung', 'Phường', 7, 98),
(1461, 'Sở Dầu', 'Phường', 7, 98),
(1462, 'Thượng Lý', 'Phường', 7, 98),
(1463, 'Trại Chuối', 'Phường', 7, 98),
(1464, 'Bắc Sơn', 'Phường', 7, 99),
(1465, 'Đồng Hòa', 'Phường', 7, 99),
(1466, 'Lãm Hà', 'Phường', 7, 99),
(1467, 'Lãm Khê', 'Phường', 7, 99),
(1468, 'Nam Sơn', 'Phường', 7, 99),
(1469, 'Ngọc Sơn', 'Phường', 7, 99),
(1470, 'Phù Liễn', 'Phường', 7, 99),
(1471, 'Quán Trữ', 'Phường', 7, 99),
(1472, 'Trần Thành Ngọ', 'Phường', 7, 99),
(1473, 'Tràng Minh', 'Phường', 7, 99),
(1474, 'Văn Đẩu', 'Phường', 7, 99),
(1475, 'Đa Phúc', 'Xã', 7, 100),
(1476, 'Đại Đồng', 'Xã', 7, 100),
(1477, 'Đại Hà', 'Xã', 7, 100),
(1478, 'Đại Hợp', 'Xã', 7, 100),
(1479, 'Đoàn Xá', 'Xã', 7, 100),
(1480, 'Đông Phương', 'Xã', 7, 100),
(1481, 'Du Lễ', 'Xã', 7, 100),
(1482, 'Hữu Bằng', 'Xã', 7, 100),
(1483, 'Kiến Quốc', 'Xã', 7, 100),
(1484, 'Minh Tân', 'Xã', 7, 100),
(1485, 'Ngũ Đoan', 'Xã', 7, 100),
(1486, 'Ngũ Phúc', 'Xã', 7, 100),
(1487, 'Núi Đối', 'Phường', 7, 100),
(1488, 'Tân Phong', 'Xã', 7, 100),
(1489, 'Tân Trào', 'Xã', 7, 100),
(1490, 'Thanh Sơn', 'Xã', 7, 100),
(1491, 'Thuận Thiên', 'Xã', 7, 100),
(1492, 'Thụy Hương', 'Xã', 7, 100),
(1493, 'Tú Sơn', 'Xã', 7, 100),
(1494, ' An Dương', 'Phường', 7, 101),
(1495, ' Kênh Dương', 'Phường', 7, 101),
(1496, 'An Biên', 'Phường', 7, 101),
(1497, 'Cát Dài', 'Phường', 7, 101),
(1498, 'Đông Hải', 'Phường', 7, 101),
(1499, 'Dư Hàng', 'Phường', 7, 101),
(1500, 'Dư Hàng Kênh 	', 'Phường', 7, 101),
(1501, 'Hàng Kênh', 'Phường', 7, 101),
(1502, 'Hồ Nam', 'Phường', 7, 101),
(1503, 'Lam Sơn', 'Phường', 7, 101),
(1504, 'Nghĩa Xá', 'Phường', 7, 101),
(1505, 'Niệm Nghĩa', 'Phường', 7, 101),
(1506, 'Trại Cau', 'Phường', 7, 101),
(1507, 'Trần Nguyên Hãn', 'Phường', 7, 101),
(1508, 'Vĩnh Niệm', 'Phường', 7, 101),
(1509, ' Cầu Đất', 'Phường', 7, 102),
(1510, ' Gia Viên', 'Phường', 7, 102),
(1511, ' Lạc Viên', 'Phường', 7, 102),
(1512, ' Lê Lợi', 'Phường', 7, 102),
(1513, 'Cầu Tre', 'Phường', 7, 102),
(1514, 'Đằng Giang', 'Phường', 7, 102),
(1515, 'Đông Khê', 'Phường', 7, 102),
(1516, 'Đổng Quốc Bình', 'Phường', 7, 102),
(1517, 'Lạch Tray', 'Phường', 7, 102),
(1518, 'Lương Khánh Thiện', 'Phường', 7, 102),
(1519, 'Máy Chai', 'Phường', 7, 102),
(1520, 'Máy Tơ', 'Phường', 7, 102),
(1521, 'Vạn Mỹ', 'Phường', 7, 102),
(1522, ' Cao Nhân', 'Xã', 7, 103),
(1523, ' Đông Sơn', 'Xã', 7, 103),
(1524, ' Gia Minh', 'Xã', 7, 103),
(1525, ' Hòa Bình', 'Xã', 7, 103),
(1526, ' Kênh Giang', 'Xã', 7, 103),
(1527, ' Kiền Bái', 'Xã', 7, 103),
(1528, ' Lâm Động', 'Xã', 7, 103),
(1529, ' Phục Lễ', 'Xã', 7, 103),
(1530, ' Tam Hưng', 'Xã', 7, 103),
(1531, ' Thủy Đường', 'Xã', 7, 103),
(1532, 'An Lư', 'Xã', 7, 103),
(1533, 'An Sơn', 'Xã', 7, 103),
(1534, 'Chính Mỹ', 'Xã', 7, 103),
(1535, 'Dương Quan', 'Xã', 7, 103),
(1536, 'Gia Đức', 'Xã', 7, 103),
(1537, 'Hoa Động', 'Xã', 7, 103),
(1538, 'Hoàng Động', 'Xã', 7, 103),
(1539, 'Hợp Thành', 'Xã', 7, 103),
(1540, 'Kỳ Sơn', 'Xã', 7, 103),
(1541, 'Lại Xuân', 'Xã', 7, 103),
(1542, 'Lập Lễ', 'Xã', 7, 103),
(1543, 'Liên Khê', 'Xã', 7, 103),
(1544, 'Lưu Kiếm', 'Xã', 7, 103),
(1545, 'Lưu Kỳ', 'Xã', 7, 103),
(1546, 'Minh Đức', 'Xã', 7, 103),
(1547, 'Minh Tân', 'Xã', 7, 103),
(1548, 'Mỹ Đồng', 'Xã', 7, 103),
(1549, 'Ngũ Lão', 'Xã', 7, 103),
(1550, 'Núi Đèo', 'Xã', 7, 103),
(1551, 'Phả Lễ', 'Xã', 7, 103),
(1552, 'Phù Ninh', 'Xã', 7, 103),
(1553, 'Quảng Thanh', 'Xã', 7, 103),
(1554, 'Tân Dương', 'Xã', 7, 103),
(1555, 'Thiên Hương', 'Xã', 7, 103),
(1556, 'Thủy Sơn', 'Xã', 7, 103),
(1557, 'Thủy Triều', 'Xã', 7, 103),
(1558, 'Trung Hà', 'Xã', 7, 103),
(1559, ' Đông Hưng', 'Xã', 7, 104),
(1560, 'Bắc Hưng', 'Xã', 7, 104),
(1561, 'Bạch Đằng', 'Xã', 7, 104),
(1562, 'Cấp Tiến', 'Xã', 7, 104),
(1563, 'Đại Thắng', 'Xã', 7, 104),
(1564, 'Đoàn Lập', 'Xã', 7, 104),
(1565, 'Hùng Thắng', 'Xã', 7, 104),
(1566, 'Khởi Nghĩa', 'Xã', 7, 104),
(1567, 'Kiến Thiết', 'Xã', 7, 104),
(1568, 'Nam Hưng', 'Xã', 7, 104),
(1569, 'Quang Phục', 'Xã', 7, 104),
(1570, 'Quyết Tiến', 'Xã', 7, 104),
(1571, 'Tây Hưng', 'Xã', 7, 104),
(1572, 'Tiên Cường', 'Xã', 7, 104),
(1573, 'Tiên Hưng', 'Xã', 7, 104);
INSERT INTO `ward` (`id`, `_name`, `_prefix`, `_province_id`, `_district_id`) VALUES
(1574, 'Tiên Lãng', 'Xã', 7, 104),
(1575, 'Tiên Minh', 'Xã', 7, 104),
(1576, 'Tiên Thắng', 'Xã', 7, 104),
(1577, 'Tiên Thanh', 'Xã', 7, 104),
(1578, 'Tiên Tiến', 'Xã', 7, 104),
(1579, 'Toàn Thắng', 'Xã', 7, 104),
(1580, 'Tự Cường', 'Xã', 7, 104),
(1581, 'Vinh Quang', 'Xã', 7, 104),
(1582, 'An Hòa', 'Xã', 7, 105),
(1583, 'Cao Minh', 'Xã', 7, 105),
(1584, 'Cổ Am', 'Xã', 7, 105),
(1585, 'Cộng Hiền', 'Xã', 7, 105),
(1586, 'Đồng Minh', 'Xã', 7, 105),
(1587, 'Dũng Tiến', 'Xã', 7, 105),
(1588, 'Giang Biên', 'Xã', 7, 105),
(1589, 'Hiệp Hòa', 'Xã', 7, 105),
(1590, 'Hòa Bình', 'Xã', 7, 105),
(1591, 'Hưng Nhân', 'Xã', 7, 105),
(1592, 'Hùng Tiến', 'Xã', 7, 105),
(1593, 'Liên Am', 'Xã', 7, 105),
(1594, 'Lý Học', 'Xã', 7, 105),
(1595, 'Nhân Hòa', 'Xã', 7, 105),
(1596, 'Tam Cường', 'Xã', 7, 105),
(1597, 'Tam Đa', 'Xã', 7, 105),
(1598, 'Tân Hưng', 'Xã', 7, 105),
(1599, 'Tân Liên', 'Xã', 7, 105),
(1600, 'Thắng Thủy', 'Xã', 7, 105),
(1601, 'Thanh Lương', 'Xã', 7, 105),
(1602, 'Tiền Phong', 'Xã', 7, 105),
(1603, 'Trấn Dương', 'Xã', 7, 105),
(1604, 'Trung Lập', 'Xã', 7, 105),
(1605, 'Việt Tiến', 'Xã', 7, 105),
(1606, 'Vĩnh An', 'Xã', 7, 105),
(1607, 'Vĩnh Bảo', 'Xã', 7, 105),
(1608, 'Vĩnh Long', 'Xã', 7, 105),
(1609, 'Vĩnh Phong', 'Xã', 7, 105),
(1610, 'Vinh Quang', 'Xã', 7, 105),
(1611, 'Vĩnh Tiến', 'Xã', 7, 105),
(1612, 'An Thạnh', 'Xã', 8, 106),
(1613, 'Bến Lức', 'Thị trấn', 8, 106),
(1614, 'Bình Đức', 'Xã', 8, 106),
(1615, 'Long Hiệp', 'Xã', 8, 106),
(1616, 'Lương Bình', 'Xã', 8, 106),
(1617, 'Lương Hòa', 'Xã', 8, 106),
(1618, 'Mỹ Yên', 'Xã', 8, 106),
(1619, 'Nhựt Chánh', 'Xã', 8, 106),
(1620, 'Phước Lợi', 'Xã', 8, 106),
(1621, 'Tân Bửu', 'Xã', 8, 106),
(1622, 'Tân Hòa', 'Xã', 8, 106),
(1623, 'Thạnh Đức', 'Xã', 8, 106),
(1624, 'Thạnh Hòa', 'Xã', 8, 106),
(1625, 'Thạnh Lợi', 'Xã', 8, 106),
(1626, 'Thanh Phú', 'Xã', 8, 106),
(1627, 'Cần Đước', 'Thị trấn', 8, 107),
(1628, 'Long Cang', 'Xã', 8, 107),
(1629, 'Long Định', 'Xã', 8, 107),
(1630, 'Long Hòa', 'Xã', 8, 107),
(1631, 'Long Hựu Đông', 'Xã', 8, 107),
(1632, 'Long Hựu Tây', 'Xã', 8, 107),
(1633, 'Long Khê', 'Xã', 8, 107),
(1634, 'Long Sơn', 'Xã', 8, 107),
(1635, 'Long Thạnh', 'Xã', 8, 107),
(1636, 'Long Trạch', 'Xã', 8, 107),
(1637, 'Mỹ Lệ', 'Xã', 8, 107),
(1638, 'Phước Đông', 'Xã', 8, 107),
(1639, 'Phước Tuy', 'Xã', 8, 107),
(1640, 'Phước Vân', 'Xã', 8, 107),
(1641, 'Tân Ân', 'Xã', 8, 107),
(1642, 'Tân Chánh', 'Xã', 8, 107),
(1643, 'Tân Lân', 'Xã', 8, 107),
(1644, 'Tân Trạch', 'Xã', 8, 107),
(1645, 'Cần Giuộc', 'Thị trấn', 8, 108),
(1646, 'Đông Thạnh', 'Xã', 8, 108),
(1647, 'Long An', 'Xã', 8, 108),
(1648, 'Long Hậu', 'Xã', 8, 108),
(1649, 'Long Phụng', 'Xã', 8, 108),
(1650, 'Long Thượng', 'Xã', 8, 108),
(1651, 'Mỹ Lộc', 'Xã', 8, 108),
(1652, 'Phước Hậu', 'Xã', 8, 108),
(1653, 'Phước Lại', 'Xã', 8, 108),
(1654, 'Phước Lâm', 'Xã', 8, 108),
(1655, 'Phước Lý', 'Xã', 8, 108),
(1656, 'Phước Vĩnh Đông', 'Xã', 8, 108),
(1657, 'Phước Vĩnh Tây', 'Xã', 8, 108),
(1658, 'Tân Kim', 'Xã', 8, 108),
(1659, 'Tân Tập', 'Xã', 8, 108),
(1660, 'Thuận Thành', 'Xã', 8, 108),
(1661, 'Trường Bình', 'Xã', 8, 108),
(1662, 'An Lục Long', 'Xã', 8, 109),
(1663, 'Bình Quới', 'Xã', 8, 109),
(1664, 'Bình Quới.', 'Xã', 8, 109),
(1665, 'Dương Xuân Hội', 'Xã', 8, 109),
(1666, 'Hiệp Thạnh', 'Xã', 8, 109),
(1667, 'Hòa Phú', 'Xã', 8, 109),
(1668, 'Long Trì', 'Xã', 8, 109),
(1669, 'Phú Ngãi Trị', 'Xã', 8, 109),
(1670, 'Phước Tân Hưng', 'Xã', 8, 109),
(1671, 'Tầm Vu', 'Thị trấn', 8, 109),
(1672, 'Thanh Phú Long', 'Xã', 8, 109),
(1673, 'Thanh Vĩnh Đông', 'Xã', 8, 109),
(1674, 'Thuận Mỹ', 'Xã', 8, 109),
(1675, 'Vĩnh Công', 'Xã', 8, 109),
(1676, 'An Ninh Đông', 'Xã', 8, 110),
(1677, 'An Ninh Tây', 'Xã', 8, 110),
(1678, 'Đức Hòa', 'Thị trấn', 8, 110),
(1679, 'Đức Hoà Đông', 'Xã', 8, 110),
(1680, 'Đức Hoà Hạ', 'Xã', 8, 110),
(1681, 'Đức Hoà Thượng', 'Xã', 8, 110),
(1682, 'Đức Lập Hạ', 'Xã', 8, 110),
(1683, 'Đức Lập Thượng', 'Xã', 8, 110),
(1684, 'Hậu Nghĩa', 'Thị trấn', 8, 110),
(1685, 'Hiệp Hòa', 'Thị trấn', 8, 110),
(1686, 'Hiệp Hòa', 'Xã', 8, 110),
(1687, 'Hoà Khánh Đông', 'Xã', 8, 110),
(1688, 'Hoà Khánh Nam', 'Xã', 8, 110),
(1689, 'Hòa Khánh Tây', 'Xã', 8, 110),
(1690, 'Hựu Thạnh', 'Xã', 8, 110),
(1691, 'Lộc Giang', 'Xã', 8, 110),
(1692, 'Mỹ Hạnh Bắc', 'Xã', 8, 110),
(1693, 'Mỹ Hạnh Nam', 'Xã', 8, 110),
(1694, 'Tân Mỹ', 'Xã', 8, 110),
(1695, 'Tân Phú', 'Xã', 8, 110),
(1696, 'Bình Hòa Bắc', 'Xã', 8, 111),
(1697, 'Bình Hòa Hưng', 'Xã', 8, 111),
(1698, 'Bình Hòa Nam', 'Xã', 8, 111),
(1699, 'Bình Thành', 'Xã', 8, 111),
(1700, 'Đông Thành', 'Thị trấn', 8, 111),
(1701, 'Mỹ Bình', 'Xã', 8, 111),
(1702, 'Mỹ Quý Đông', 'Xã', 8, 111),
(1703, 'Mỹ Quý Tây', 'Xã', 8, 111),
(1704, 'Mỹ Thạnh Bắc', 'Xã', 8, 111),
(1705, 'Mỹ Thạnh Đông', 'Xã', 8, 111),
(1706, 'Mỹ Thạnh Tây', 'Xã', 8, 111),
(1707, '1', 'Phường', 8, 112),
(1708, '2', 'Phường', 8, 112),
(1709, '3', 'Phường', 8, 112),
(1710, 'Bình Hiệp', 'Xã', 8, 112),
(1711, 'Bình Tân', 'Xã', 8, 112),
(1712, 'Thạnh Hưng', 'Xã', 8, 112),
(1713, 'Thạnh Trị', 'Xã', 8, 112),
(1714, 'Tuyên Thạnh', 'Xã', 8, 112),
(1715, 'Bình Hòa Đông', 'Xã', 8, 113),
(1716, 'Bình Hòa Tây', 'Xã', 8, 113),
(1717, 'Bình Hòa Trung', 'Xã', 8, 113),
(1718, 'Bình Phong Thạnh', 'Xã', 8, 113),
(1719, 'Bình Thạnh', 'Xã', 8, 113),
(1720, 'Tân Lập', 'Xã', 8, 113),
(1721, 'Tân Thành', 'Xã', 8, 113),
(1722, '1', 'Phường', 8, 114),
(1723, '2', 'Phường', 8, 114),
(1724, '3', 'Phường', 8, 114),
(1725, '4', 'Phường', 8, 114),
(1726, '5', 'Phường', 8, 114),
(1727, '6', 'Phường', 8, 114),
(1728, '7', 'Phường', 8, 114),
(1729, 'An Vĩnh Ngãi', 'Xã', 8, 114),
(1730, 'Bình Tâm', 'Xã', 8, 114),
(1731, 'Hướng Thọ Phú', 'Xã', 8, 114),
(1732, 'Khánh Hậu', 'Phường', 8, 114),
(1733, 'Lợi Bình Nhơn', 'Xã', 8, 114),
(1734, 'Nhơn Thạnh Trung', 'Xã', 8, 114),
(1735, 'Tân Khánh', 'Phường', 8, 114),
(1736, 'Bình Thạnh', 'Thị trấn', 8, 115),
(1737, 'Hưng Điền', 'Xã', 8, 115),
(1738, 'Hưng Điền B', 'Xã', 8, 115),
(1739, 'Hưng Hà', 'Xã', 8, 115),
(1740, 'Hưng Thạnh', 'Xã', 8, 115),
(1741, 'Tân Hưng', 'Thị trấn', 8, 115),
(1742, 'Thạnh Hưng', 'Xã', 8, 115),
(1743, 'Vĩnh Bữu', 'Xã', 8, 115),
(1744, 'Vĩnh Châu A', 'Xã', 8, 115),
(1745, 'Vĩnh Châu B', 'Xã', 8, 115),
(1746, 'Vĩnh Đại', 'Xã', 8, 115),
(1747, 'Vĩnh Lợi', 'Xã', 8, 115),
(1748, 'Vĩnh Thạnh', 'Xã', 8, 115),
(1749, 'Bắc Hoà', 'Xã', 8, 116),
(1750, 'Hậu Thạnh Đông', 'Xã', 8, 116),
(1751, 'Hậu Thạnh Tây', 'Xã', 8, 116),
(1752, 'Kiến Bình', 'Xã', 8, 116),
(1753, 'Nhơn Hoà', 'Xã', 8, 116),
(1754, 'Nhơn Hoà Lập', 'Xã', 8, 116),
(1755, 'Nhơn Ninh', 'Xã', 8, 116),
(1756, 'Tân Bình', 'Xã', 8, 116),
(1757, 'Tân Hoà', 'Xã', 8, 116),
(1758, 'Tân Lập', 'Xã', 8, 116),
(1759, 'Tân Ninh', 'Xã', 8, 116),
(1760, 'Tân Thành', 'Xã', 8, 116),
(1761, 'Tân Thạnh', 'Thị trấn', 8, 116),
(1762, 'An Nhựt Tân', 'Xã', 8, 117),
(1763, 'Bình Lãng', 'Xã', 8, 117),
(1764, 'Bình Tịnh', 'Xã', 8, 117),
(1765, 'Bình Trinh Đông', 'Xã', 8, 117),
(1766, 'Đức Tân', 'Xã', 8, 117),
(1767, 'Lạc Tấn', 'Xã', 8, 117),
(1768, 'Mỹ Bình', 'Xã', 8, 117),
(1769, 'Nhựt Ninh', 'Xã', 8, 117),
(1770, 'Quê Mỹ Thạnh', 'Xã', 8, 117),
(1771, 'Tân Phước Tây', 'Xã', 8, 117),
(1772, 'Tân Trụ', 'Thị trấn', 8, 117),
(1773, 'Tân Đông', 'Xã', 8, 118),
(1774, 'Tân Hiệp', 'Xã', 8, 118),
(1775, 'Tân Tây', 'Xã', 8, 118),
(1776, 'Thạnh An', 'Xã', 8, 118),
(1777, 'Thạnh Hóa', 'Thị trấn', 8, 118),
(1778, 'Thạnh Phú', 'Xã', 8, 118),
(1779, 'Thạnh Phước', 'Xã', 8, 118),
(1780, 'Thuận Bình', 'Xã', 8, 118),
(1781, 'Thuận Nghĩa Hòa', 'Xã', 8, 118),
(1782, 'Thủy Đông', 'Xã', 8, 118),
(1783, 'Thủy Tây', 'Xã', 8, 118),
(1784, 'Bình An', 'Xã', 8, 119),
(1785, 'Bình Thạnh', 'Xã', 8, 119),
(1786, 'Long Thành', 'Xã', 8, 119),
(1787, 'Long Thạnh', 'Xã', 8, 119),
(1788, 'Long Thuận', 'Xã', 8, 119),
(1789, 'Mỹ An', 'Xã', 8, 119),
(1790, 'Mỹ Lạc', 'Xã', 8, 119),
(1791, 'Mỹ Phú', 'Xã', 8, 119),
(1792, 'Mỹ Thạnh', 'Xã', 8, 119),
(1793, 'Nhị Thành', 'Xã', 8, 119),
(1794, 'Tân Lập', 'Xã', 8, 119),
(1795, 'Tân Thành', 'Xã', 8, 119),
(1796, 'Thủ Thừa', 'Xã', 8, 119),
(1797, 'Hưng Điền A', 'Xã', 8, 120),
(1798, 'Khánh Hưng', 'Xã', 8, 120),
(1799, 'Thái Bình Trung', 'Xã', 8, 120),
(1800, 'Thái Trị', 'Xã', 8, 120),
(1801, 'Tuyên Bình', 'Xã', 8, 120),
(1802, 'Tuyên Bình Tây', 'Xã', 8, 120),
(1803, 'Vĩnh Bình', 'Xã', 8, 120),
(1804, 'Vĩnh Hưng', 'Thị trấn', 8, 120),
(1805, 'Vĩnh Thuận', 'Xã', 8, 120),
(1806, 'Vĩnh Trị', 'Xã', 8, 120),
(1807, 'Trà Bui', 'Xã', 9, 121),
(1808, 'Trà Đốc', 'Xã', 9, 121),
(1809, 'Trà Đông', 'Xã', 9, 121),
(1810, 'Trà Dương', 'Xã', 9, 121),
(1811, 'Trà Giác', 'Xã', 9, 121),
(1812, 'Trà Giang', 'Xã', 9, 121),
(1813, 'Trà Giáp', 'Xã', 9, 121),
(1814, 'Trà Ka', 'Xã', 9, 121),
(1815, 'Trà Kót', 'Xã', 9, 121),
(1816, 'Trà My', 'Thị trấn', 9, 121),
(1817, 'Trà Nú', 'Xã', 9, 121),
(1818, 'Trà Sơn', 'Xã', 9, 121),
(1819, 'Trà Tân', 'Xã', 9, 121),
(1820, 'Ái Nghĩa', 'Thị trấn', 9, 122),
(1821, 'Đại An', 'Xã', 9, 122),
(1822, 'Đại Chánh', 'Xã', 9, 122),
(1823, 'Đại Cường', 'Xã', 9, 122),
(1824, 'Đại Đồng', 'Xã', 9, 122),
(1825, 'Đại Hiệp', 'Xã', 9, 122),
(1826, 'Đại Hòa', 'Xã', 9, 122),
(1827, 'Đại Hồng', 'Xã', 9, 122),
(1828, 'Đại Hưng', 'Xã', 9, 122),
(1829, 'Đại Lãnh', 'Xã', 9, 122),
(1830, 'Đại Minh', 'Xã', 9, 122),
(1831, 'Đại Nghĩa', 'Xã', 9, 122),
(1832, 'Đại Phong', 'Xã', 9, 122),
(1833, 'Đại Quang', 'Xã', 9, 122),
(1834, 'Đại Sơn', 'Xã', 9, 122),
(1835, 'Đại Tân', 'Xã', 9, 122),
(1836, 'Đại Thắng', 'Xã', 9, 122),
(1837, 'Đại Thạnh', 'Xã', 9, 122),
(1838, 'Điện An', 'Xã', 9, 123),
(1839, 'Điện Dương', 'Xã', 9, 123),
(1840, 'Điện Hòa', 'Xã', 9, 123),
(1841, 'Điện Hồng', 'Xã', 9, 123),
(1842, 'Điện Minh', 'Xã', 9, 123),
(1843, 'Điện Nam Bắc', 'Xã', 9, 123),
(1844, 'Điện Nam Đông', 'Xã', 9, 123),
(1845, 'Điện Nam Trung', 'Xã', 9, 123),
(1846, 'Điện Ngọc', 'Xã', 9, 123),
(1847, 'Điện Phong', 'Xã', 9, 123),
(1848, 'Điện Phước', 'Xã', 9, 123),
(1849, 'Điện Phương', 'Xã', 9, 123),
(1850, 'Điện Quang', 'Xã', 9, 123),
(1851, 'Điện Thắng Bắc', 'Xã', 9, 123),
(1852, 'Điện Thắng Nam', 'Xã', 9, 123),
(1853, 'Điện Thắng Trung', 'Xã', 9, 123),
(1854, 'Điện Thọ', 'Xã', 9, 123),
(1855, 'Điện Tiến', 'Xã', 9, 123),
(1856, 'Điện Trung', 'Xã', 9, 123),
(1857, 'Vĩnh Điện', 'Thị trấn', 9, 123),
(1858, 'A Rooi', 'Xã', 9, 124),
(1859, 'A Ting', 'Xã', 9, 124),
(1860, 'Ba', 'Xã', 9, 124),
(1861, 'Jơ Ngây', 'Xã', 9, 124),
(1862, 'Ka Dăng', 'Xã', 9, 124),
(1863, 'Mà Cooi', 'Xã', 9, 124),
(1864, 'Prao', 'Xã', 9, 124),
(1865, 'Sông Kôn', 'Xã', 9, 124),
(1866, 'Tà Lu', 'Xã', 9, 124),
(1867, 'Tư', 'Xã', 9, 124),
(1868, 'Za Hung', 'Xã', 9, 124),
(1869, 'Duy Châu', 'Xã', 9, 125),
(1870, 'Duy Hải', 'Xã', 9, 125),
(1871, 'Duy Hòa', 'Xã', 9, 125),
(1872, 'Duy Nghĩa', 'Xã', 9, 125),
(1873, 'Duy Phú', 'Xã', 9, 125),
(1874, 'Duy Phước', 'Xã', 9, 125),
(1875, 'Duy Sơn', 'Xã', 9, 125),
(1876, 'Duy Tân', 'Xã', 9, 125),
(1877, 'Duy Thành', 'Xã', 9, 125),
(1878, 'Duy Thu', 'Xã', 9, 125),
(1879, 'Duy Trinh', 'Xã', 9, 125),
(1880, 'Duy Trung', 'Xã', 9, 125),
(1881, 'Duy Vinh', 'Xã', 9, 125),
(1882, 'Nam Phước', 'Thị trấn', 9, 125),
(1883, 'Phước Nam', 'Thị trấn', 9, 125),
(1884, 'Bình Lâm', 'Xã', 9, 126),
(1885, 'Bình Sơn', 'Xã', 9, 126),
(1886, 'Hiệp Hòa', 'Xã', 9, 126),
(1887, 'Hiệp Thuận', 'Xã', 9, 126),
(1888, 'Phước Gia', 'Xã', 9, 126),
(1889, 'Phước Trà', 'Xã', 9, 126),
(1890, 'Quế Bình', 'Xã', 9, 126),
(1891, 'Quế Lưu', 'Xã', 9, 126),
(1892, 'Quế Thọ', 'Xã', 9, 126),
(1893, 'Sông Trà', 'Xã', 9, 126),
(1894, 'Tân An', 'Thị trấn', 9, 126),
(1895, 'Thăng Phước', 'Xã', 9, 126),
(1896, 'Cẩm An', 'Phường', 9, 127),
(1897, 'Cẩm Châu', 'Phường', 9, 127),
(1898, 'Cẩm Hà', 'Xã', 9, 127),
(1899, 'Cẩm Kim', 'Xã', 9, 127),
(1900, 'Cẩm Nam', 'Phường', 9, 127),
(1901, 'Cẩm Phô', 'Phường', 9, 127),
(1902, 'Cẩm Thanh', 'Xã', 9, 127),
(1903, 'Cửa Đại', 'Phường', 9, 127),
(1904, 'Minh An', 'Phường', 9, 127),
(1905, 'Sơn Phong', 'Phường', 9, 127),
(1906, 'Tân An', 'Phường', 9, 127),
(1907, 'Tân Hiệp', 'Xã', 9, 127),
(1908, 'Thanh Hà', 'Phường', 9, 127),
(1909, 'Cà Dy', 'Xã', 9, 128),
(1910, 'Chà Vàl', 'Xã', 9, 128),
(1911, 'Chơ Chun', 'Xã', 9, 128),
(1912, 'Đăk Pree', 'Xã', 9, 128),
(1913, 'Đắk Pring', 'Xã', 9, 128),
(1914, 'Đắk Tôi', 'Xã', 9, 128),
(1915, 'La Dêê', 'Xã', 9, 128),
(1916, 'La Êê', 'Xã', 9, 128),
(1917, 'Tà Bhing', 'Xã', 9, 128),
(1918, 'Tà Pơơ', 'Xã', 9, 128),
(1919, 'Thạnh Mỹ', 'Thị trấn', 9, 128),
(1920, 'Zuôih', 'Xã', 9, 128),
(1921, 'Trà Cang', 'Xã', 9, 129),
(1922, 'Trà Don', 'Xã', 9, 129),
(1923, 'Trà Dơn', 'Xã', 9, 129),
(1924, 'Trà Leng', 'Xã', 9, 129),
(1925, 'Trà Linh', 'Xã', 9, 129),
(1926, 'Trà Mai', 'Xã', 9, 129),
(1927, 'Trà Nam', 'Xã', 9, 129),
(1928, 'Trà Tập', 'Xã', 9, 129),
(1929, 'Trà Vân', 'Xã', 9, 129),
(1930, 'Trà Vinh', 'Xã', 9, 129),
(1931, 'Phước Ninh', 'Xã', 9, 130),
(1932, 'Quế Lâm', 'Xã', 9, 130),
(1933, 'Quế Lộc', 'Xã', 9, 130),
(1934, 'Quế Ninh', 'Xã', 9, 130),
(1935, 'Quế Phước', 'Xã', 9, 130),
(1936, 'Quế Trung', 'Xã', 9, 130),
(1937, 'Sơn Viên', 'Xã', 9, 130),
(1938, 'Núi Thành', 'Thị trấn', 9, 131),
(1939, 'Tam Anh Bắc', 'Xã', 9, 131),
(1940, 'Tam Anh Nam', 'Xã', 9, 131),
(1941, 'Tam Giang', 'Xã', 9, 131),
(1942, 'Tam Hải', 'Xã', 9, 131),
(1943, 'Tam Hiệp', 'Xã', 9, 131),
(1944, 'Tam Hòa', 'Xã', 9, 131),
(1945, 'Tam Mỹ Đông', 'Xã', 9, 131),
(1946, 'Tam Mỹ Tây', 'Xã', 9, 131),
(1947, 'Tam Nghĩa', 'Xã', 9, 131),
(1948, 'Tam Quang', 'Xã', 9, 131),
(1949, 'Tam Sơn', 'Xã', 9, 131),
(1950, 'Tam Thạnh', 'Xã', 9, 131),
(1951, 'Tam Tiến', 'Xã', 9, 131),
(1952, 'Tam Trà', 'Xã', 9, 131),
(1953, 'Tam Xuân 1', 'Xã', 9, 131),
(1954, 'Tam Xuân 2', 'Xã', 9, 131),
(1955, 'Phú Thịnh', 'Thị trấn', 9, 132),
(1956, 'Tam An', 'Xã', 9, 132),
(1957, 'Tam Đại', 'Xã', 9, 132),
(1958, 'Tam Dân', 'Xã', 9, 132),
(1959, 'Tam Đàn', 'Xã', 9, 132),
(1960, 'Tam Lãnh', 'Xã', 9, 132),
(1961, 'Tam Lộc', 'Xã', 9, 132),
(1962, 'Tam Phước', 'Xã', 9, 132),
(1963, 'Tam Thái', 'Xã', 9, 132),
(1964, 'Tam Thành', 'Xã', 9, 132),
(1965, 'Tam Vinh', 'Xã', 9, 132),
(1966, 'Khâm Đức', 'Thị trấn', 9, 133),
(1967, 'Phước Chánh', 'Xã', 9, 133),
(1968, 'Phước Công', 'Xã', 9, 133),
(1969, 'Phước Đức', 'Xã', 9, 133),
(1970, 'Phước Hiệp', 'Xã', 9, 133),
(1971, 'Phước Hòa', 'Xã', 9, 133),
(1972, 'Phước Kim', 'Xã', 9, 133),
(1973, 'Phước Lộc', 'Xã', 9, 133),
(1974, 'Phước Mỹ', 'Xã', 9, 133),
(1975, 'Phước Năng', 'Xã', 9, 133),
(1976, 'Phước Thành', 'Xã', 9, 133),
(1977, 'Phước Xuân', 'Xã', 9, 133),
(1978, 'Đông Phú', 'Thị trấn', 9, 134),
(1979, 'Hương An', 'Xã', 9, 134),
(1980, 'Phú Thọ', 'Xã', 9, 134),
(1981, 'Quế An', 'Xã', 9, 134),
(1982, 'Quế Châu', 'Xã', 9, 134),
(1983, 'Quế Cường', 'Xã', 9, 134),
(1984, 'Quế Hiệp', 'Xã', 9, 134),
(1985, 'Quế Long', 'Xã', 9, 134),
(1986, 'Quế Minh', 'Xã', 9, 134),
(1987, 'Quế Phong', 'Xã', 9, 134),
(1988, 'Quế Phú', 'Xã', 9, 134),
(1989, 'Quế Thuận', 'Xã', 9, 134),
(1990, 'Quế Xuân 1', 'Xã', 9, 134),
(1991, 'Quế Xuân 2', 'Xã', 9, 134),
(1992, 'Quý Thuận', 'Xã', 9, 134),
(1993, 'An Mỹ', 'Phường', 9, 135),
(1994, 'An Phú', 'Phường', 9, 135),
(1995, 'An Sơn', 'Phường', 9, 135),
(1996, 'An Xuân', 'Phường', 9, 135),
(1997, 'Hòa Hương', 'Phường', 9, 135),
(1998, 'Hòa Thuận', 'Phường', 9, 135),
(1999, 'Phước Hòa', 'Phường', 9, 135),
(2000, 'Tam Ngọc', 'Xã', 9, 135),
(2001, 'Tam Phú', 'Xã', 9, 135),
(2002, 'Tam Thăng', 'Xã', 9, 135),
(2003, 'Tam Thanh', 'Xã', 9, 135),
(2004, 'Tân Thạnh', 'Phường', 9, 135),
(2005, 'Trường Xuân', 'Phường', 9, 135),
(2006, 'A Nông', 'Xã', 9, 136),
(2007, 'A Tiêng', 'Xã', 9, 136),
(2008, 'A Vương', 'Xã', 9, 136),
(2009, 'A Xan', 'Xã', 9, 136),
(2010, 'Bha Lê', 'Xã', 9, 136),
(2011, 'Ch\'ơm', 'Xã', 9, 136),
(2012, 'Dang', 'Xã', 9, 136),
(2013, 'Ga Ri', 'Xã', 9, 136),
(2014, 'Lăng', 'Xã', 9, 136),
(2015, 'Tr\'hy', 'Xã', 9, 136),
(2016, 'Bình An', 'Xã', 9, 137),
(2017, 'Bình Chánh', 'Xã', 9, 137),
(2018, 'Bình Đào', 'Xã', 9, 137),
(2019, 'Bình Định Bắc', 'Xã', 9, 137),
(2020, 'Bình Định Nam', 'Xã', 9, 137),
(2021, 'Bình Dương', 'Xã', 9, 137),
(2022, 'Bình Giang', 'Xã', 9, 137),
(2023, 'Bình Hải', 'Xã', 9, 137),
(2024, 'Bình Lãnh', 'Xã', 9, 137),
(2025, 'Bình Minh', 'Xã', 9, 137),
(2026, 'Bình Nam', 'Xã', 9, 137),
(2027, 'Bình Nguyên', 'Xã', 9, 137),
(2028, 'Bình Phú', 'Xã', 9, 137),
(2029, 'Bình Phục', 'Xã', 9, 137),
(2030, 'Bình Quế', 'Xã', 9, 137),
(2031, 'Bình Quý', 'Xã', 9, 137),
(2032, 'Bình Sa', 'Xã', 9, 137),
(2033, 'Bình Trị', 'Xã', 9, 137),
(2034, 'Bình Triều', 'Xã', 9, 137),
(2035, 'Bình Trung', 'Xã', 9, 137),
(2036, 'Bình Tú', 'Xã', 9, 137),
(2037, 'Hà Lam', 'Thị trấn', 9, 137),
(2038, 'Tiên An', 'Xã', 9, 138),
(2039, 'Tiên Cẩm', 'Xã', 9, 138),
(2040, 'Tiên Cảnh', 'Xã', 9, 138),
(2041, 'Tiên Châu', 'Xã', 9, 138),
(2042, 'Tiên Hà', 'Xã', 9, 138),
(2043, 'Tiên Hiệp', 'Xã', 9, 138),
(2044, 'Tiên Kỳ', 'Thị trấn', 9, 138),
(2045, 'Tiên Lãnh', 'Xã', 9, 138),
(2046, 'Tiên Lập', 'Xã', 9, 138),
(2047, 'Tiên Lộc', 'Xã', 9, 138),
(2048, 'Tiên Mỹ', 'Xã', 9, 138),
(2049, 'Tiên Ngọc', 'Xã', 9, 138),
(2050, 'Tiên Phong', 'Xã', 9, 138),
(2051, 'Tiên Sơn', 'Xã', 9, 138),
(2052, 'Tiên Thọ', 'Xã', 9, 138),
(2053, 'Hòa Long', 'Xã', 10, 139),
(2054, 'Kim Dinh', 'Phường', 10, 139),
(2055, 'Long Hương', 'Phường', 10, 139),
(2056, 'Long Phước', 'Xã', 10, 139),
(2057, 'Long Tâm', 'Phường', 10, 139),
(2058, 'Long Toàn', 'Phường', 10, 139),
(2059, 'Phước Hiệp', 'Phường', 10, 139),
(2060, 'Phước Hưng', 'Phường', 10, 139),
(2061, 'Phước Nguyên', 'Phường', 10, 139),
(2062, 'Phước Trung', 'Phường', 10, 139),
(2063, 'Tân Hưng', 'Xã', 10, 139),
(2064, 'Bàu Chinh', 'Xã', 10, 140),
(2065, 'Bình Ba', 'Xã', 10, 140),
(2066, 'Bình Giã', 'Xã', 10, 140),
(2067, 'Bình Trung', 'Xã', 10, 140),
(2068, 'Cù Bị', 'Xã', 10, 140),
(2069, 'Đá Bạc', 'Xã', 10, 140),
(2070, 'Kim Long', 'Xã', 10, 140),
(2071, 'Láng Lớn', 'Xã', 10, 140),
(2072, 'Ngãi Giao', 'Thị trấn', 10, 140),
(2073, 'Nghĩa Thành', 'Xã', 10, 140),
(2074, 'Quảng Thành', 'Xã', 10, 140),
(2075, 'Sơn Bình', 'Xã', 10, 140),
(2076, 'Suối Nghệ', 'Xã', 10, 140),
(2077, 'Suối Rao', 'Xã', 10, 140),
(2078, 'Xà Bang', 'Xã', 10, 140),
(2079, 'Xuân Sơn', 'Xã', 10, 140),
(2080, 'Đất Đỏ', 'Thị trấn', 10, 142),
(2081, 'Láng Dài', 'Xã', 10, 142),
(2082, 'Lộc An', 'Xã', 10, 142),
(2083, 'Long Mỹ', 'Xã', 10, 142),
(2084, 'Long Tân', 'Xã', 10, 142),
(2085, 'Phước Hải', 'Thị trấn', 10, 142),
(2086, 'Phước Hội', 'Xã', 10, 142),
(2087, 'Phước Long Thọ', 'Xã', 10, 142),
(2088, 'An Ngãi', 'Xã', 10, 143),
(2089, 'An Nhứt', 'Xã', 10, 143),
(2090, 'Long Điền', 'Xã', 10, 143),
(2091, 'Long Hải', 'Thị trấn', 10, 143),
(2092, 'Phước Hưng', 'Xã', 10, 143),
(2093, 'Phước Tỉnh', 'Xã', 10, 143),
(2094, 'Tam Phước', 'Xã', 10, 143),
(2095, 'Châu Pha', 'Xã', 10, 144),
(2096, 'Hắc Dịch', 'Xã', 10, 144),
(2097, 'Mỹ Xuân', 'Xã', 10, 144),
(2098, 'Phú Mỹ', 'Xã', 10, 144),
(2099, 'Phước Hòa', 'Xã', 10, 144),
(2100, 'Phước Lộc', 'Xã', 10, 144),
(2101, 'Sông Xoài', 'Xã', 10, 144),
(2102, 'Tân Hải', 'Xã', 10, 144),
(2103, 'Tân Hòa', 'Xã', 10, 144),
(2104, 'Tân Phước', 'Phường', 10, 144),
(2105, 'Tóc Tiên', 'Xã', 10, 144),
(2106, '1', 'Phường', 10, 145),
(2107, '10', 'Phường', 10, 145),
(2108, '11', 'Phường', 10, 145),
(2109, '12', 'Phường', 10, 145),
(2110, '2', 'Phường', 10, 145),
(2111, '3', 'Phường', 10, 145),
(2112, '4', 'Phường', 10, 145),
(2113, '5', 'Phường', 10, 145),
(2114, '6', 'Phường', 10, 145),
(2115, '7', 'Phường', 10, 145),
(2116, '8', 'Phường', 10, 145),
(2117, '9', 'Phường', 10, 145),
(2118, 'Long Sơn', 'Xã', 10, 145),
(2119, 'Nguyễn An Ninh', 'Phường', 10, 145),
(2120, 'Rạch Dừa', 'Phường', 10, 145),
(2121, 'Thắng Nhất', 'Phường', 10, 145),
(2122, 'Thắng Nhì', 'Phường', 10, 145),
(2123, 'Thắng Tam', 'Phường', 10, 145),
(2124, 'Bàu Lâm', 'Xã', 10, 146),
(2125, 'Bình Châu', 'Xã', 10, 146),
(2126, 'Bông Trang', 'Xã', 10, 146),
(2127, 'Bưng Riềng', 'Xã', 10, 146),
(2128, 'Hòa Bình', 'Xã', 10, 146),
(2129, 'Hòa Hiệp', 'Xã', 10, 146),
(2130, 'Hòa Hội', 'Xã', 10, 146),
(2131, 'Hòa Hưng ', 'Xã', 10, 146),
(2132, 'Phước Bửu', 'Xã', 10, 146),
(2133, 'Phước Tân', 'Xã', 10, 146),
(2134, 'Phước Thuận', 'Xã', 10, 146),
(2135, 'Tân Lâm', 'Xã', 10, 146),
(2136, 'Xuyên Mộc', 'Xã', 10, 146),
(2137, 'Cuôr Knia', 'Xã', 11, 147),
(2138, 'Ea Bar', 'Xã', 11, 147),
(2139, 'Ea Huar', 'Xã', 11, 147),
(2140, 'Ea Nuôl', 'Xã', 11, 147),
(2141, 'Ea Wer', 'Xã', 11, 147),
(2142, 'Krông Na', 'Xã', 11, 147),
(2143, 'Tân Hòa', 'Xã', 11, 147),
(2144, 'An Bình', 'Phường', 11, 148),
(2145, 'An Lạc', 'Phường', 11, 148),
(2146, 'Bình Tân', 'Phường', 11, 148),
(2147, 'Bình Thuận', 'Xã', 11, 148),
(2148, 'Cư Bao', 'Xã', 11, 148),
(2149, 'Đạt Hiếu', 'Phường', 11, 148),
(2150, 'Đoàn Kết', 'Phường', 11, 148),
(2151, 'Ea Blang', 'Xã', 11, 148),
(2152, 'Ea Drông', 'Xã', 11, 148),
(2153, 'Ea Siên', 'Xã', 11, 148),
(2154, 'Thiện An', 'Phường', 11, 148),
(2155, 'Thống Nhất', 'Phường', 11, 148),
(2156, 'Cư Ebur', 'Xã', 11, 149),
(2157, 'Ea Kao', 'Phường', 11, 149),
(2158, 'Ea Tam', 'Phường', 11, 149),
(2159, 'Ea Tu', 'Xã', 11, 149),
(2160, 'Hòa Khánh', 'Xã', 11, 149),
(2161, 'Hòa Phú', 'Xã', 11, 149),
(2162, 'Hòa Thắng', 'Xã', 11, 149),
(2163, 'Hòa Thuận', 'Xã', 11, 149),
(2164, 'Hòa Xuân', 'Xã', 11, 149),
(2165, 'Khánh Xuân', 'Phường', 11, 149),
(2166, 'Tân An', 'Xã', 11, 149),
(2167, 'Tân Hoà', 'Xã', 11, 149),
(2168, 'Tân Lập', 'Xã', 11, 149),
(2169, 'Tân Lợi', 'Xã', 11, 149),
(2170, 'Tân Thành', 'Phường', 11, 149),
(2171, 'Tân Tiến', 'Phường', 11, 149),
(2172, 'Thắng Lợi', 'Phường', 11, 149),
(2173, 'Thành Công', 'Phường', 11, 149),
(2174, 'Thành Nhất', 'Phường', 11, 149),
(2175, 'Thống Nhất', 'Phường', 11, 149),
(2176, 'Tự An', 'Phường', 11, 149),
(2177, 'Cư Ê Wi', 'Xã', 11, 150),
(2178, 'Dray Bhăng', 'Xã', 11, 150),
(2179, 'Ea Bhôk', 'Xã', 11, 150),
(2180, 'Ea Hu', 'Xã', 11, 150),
(2181, 'Ea Ktur', 'Xã', 11, 150),
(2182, 'Ea Ning', 'Xã', 11, 150),
(2183, 'Ea Tiêu', 'Xã', 11, 150),
(2184, 'Hòa Hiệp', 'Xã', 11, 150),
(2185, 'Cư Dliê M\'nông', 'Xã', 11, 151),
(2186, 'Cư M\'gar', 'Xã', 11, 151),
(2187, 'Cư Suê', 'Xã', 11, 151),
(2188, 'Cuor Đăng', 'Xã', 11, 151),
(2189, 'Ea D\'rơng', 'Xã', 11, 151),
(2190, 'Ea H\'đing', 'Xã', 11, 151),
(2191, 'Ea Kiết', 'Xã', 11, 151),
(2192, 'Ea Kpam', 'Xã', 11, 151),
(2193, 'Ea Kuếh', 'Xã', 11, 151),
(2194, 'Ea M\'dróh', 'Xã', 11, 151),
(2195, 'Ea M\'nang', 'Xã', 11, 151),
(2196, 'Ea Pốk', 'Thị trấn', 11, 151),
(2197, 'Ea Tar', 'Xã', 11, 151),
(2198, 'Ea Tul', 'Xã', 11, 151),
(2199, 'Quảng Hiệp', 'Xã', 11, 151),
(2200, 'Quảng Phú', 'Thị trấn', 11, 151),
(2201, 'Quảng Tiến', 'Xã', 11, 151),
(2202, 'Cư A Mung', 'Xã', 11, 152),
(2203, 'Cư Mốt', 'Xã', 11, 152),
(2204, 'Dlê Yang', 'Xã', 11, 152),
(2205, 'Ea Drăng', 'Thị trấn', 11, 152),
(2206, 'Ea Hiao', 'Xã', 11, 152),
(2207, 'Ea H\'leo', 'Xã', 11, 152),
(2208, 'Ea Khăl', 'Xã', 11, 152),
(2209, 'Ea Nam', 'Xã', 11, 152),
(2210, 'Ea Ral', 'Xã', 11, 152),
(2211, 'Ea Sol', 'Xã', 11, 152),
(2212, 'Ea Tir', 'Xã', 11, 152),
(2213, 'Ea Wy', 'Xã', 11, 152),
(2214, 'Cư Bông', 'Xã', 11, 153),
(2215, 'Cư Elang', 'Xã', 11, 153),
(2216, 'Cư Huê', 'Xã', 11, 153),
(2217, 'Cư Ni', 'Xã', 11, 153),
(2218, 'Cư Prông', 'Xã', 11, 153),
(2219, 'Cư Yang', 'Xã', 11, 153),
(2220, 'Ea Đar', 'Xã', 11, 153),
(2221, 'Ea Kar', 'Thị trấn', 11, 153),
(2222, 'Ea Kmút', 'Xã', 11, 153),
(2223, 'Ea Knốp', 'Thị trấn', 11, 153),
(2224, 'Ea Ô', 'Xã', 11, 153),
(2225, 'Ea Păl', 'Xã', 11, 153),
(2226, 'Ea Sar', 'Xã', 11, 153),
(2227, 'Ea Sô', 'Xã', 11, 153),
(2228, 'Ea Tíh', 'Xã', 11, 153),
(2229, 'Xuân Phú', 'Xã', 11, 153),
(2230, 'Cư Kbang', 'Xã', 11, 154),
(2231, 'Cư M\'lan', 'Xã', 11, 154),
(2232, 'Ea Bung', 'Xã', 11, 154),
(2233, 'Ea Lê', 'Xã', 11, 154),
(2234, 'Ea Rốk', 'Xã', 11, 154),
(2235, 'Ea Súp', 'Thị trấn', 11, 154),
(2236, 'Ia Jlơi', 'Xã', 11, 154),
(2237, 'Ia Lốp', 'Xã', 11, 154),
(2238, 'Ia Rvê', 'Xã', 11, 154),
(2239, 'Ya Tờ Mốt', 'Xã', 11, 154),
(2240, 'Băng A Drênh', 'Xã', 11, 155),
(2241, 'Bình Hòa', 'Xã', 11, 155),
(2242, 'Buôn Trấp', 'Thị trấn', 11, 155),
(2243, 'Dray Sáp', 'Xã', 11, 155),
(2244, 'Dur Kmăl', 'Xã', 11, 155),
(2245, 'Ea Bông', 'Xã', 11, 155),
(2246, 'Ea Na', 'Xã', 11, 155),
(2247, 'Quảng Điền', 'Xã', 11, 155),
(2248, 'Cư Drăm', 'Xã', 11, 156),
(2249, 'Cư Kty', 'Xã', 11, 156),
(2250, 'Cư Pui', 'Xã', 11, 156),
(2251, 'Dang Kang', 'Xã', 11, 156),
(2252, 'Ea Trul', 'Xã', 11, 156),
(2253, 'Hòa Lễ', 'Xã', 11, 156),
(2254, 'Hòa Phong', 'Xã', 11, 156),
(2255, 'Hòa Sơn', 'Xã', 11, 156),
(2256, 'Hòa Tân', 'Xã', 11, 156),
(2257, 'Hòa Thành', 'Xã', 11, 156),
(2258, 'Khuê Ngọc Điền', 'Xã', 11, 156),
(2259, 'Krông Kmar', 'Thị trấn', 11, 156),
(2260, 'Yang Mao', 'Xã', 11, 156),
(2261, 'Yang Reh', 'Xã', 11, 156),
(2262, 'Chứ Kbô', 'Xã', 11, 157),
(2263, 'Cư Né', 'Xã', 11, 157),
(2264, 'Cư Pơng', 'Xã', 11, 157),
(2265, 'Ea Ngai', 'Xã', 11, 157),
(2266, 'Ea Sin', 'Xã', 11, 157),
(2267, 'Ea Sin', 'Xã', 11, 157),
(2268, 'Pơng Drang', 'Xã', 11, 157),
(2269, 'Tân Lập', 'Xã', 11, 157),
(2270, 'Cư Klông', 'Xã', 11, 158),
(2271, 'Dliê Ya', 'Xã', 11, 158),
(2272, 'Ea Dăh', 'Xã', 11, 158),
(2273, 'Ea Hồ', 'Xã', 11, 158),
(2274, 'Ea Púk', 'Xã', 11, 158),
(2275, 'Ea Tam', 'Xã', 11, 158),
(2276, 'Ea Tân', 'Xã', 11, 158),
(2277, 'Ea Tóh', 'Xã', 11, 158),
(2278, 'Krông Năng', 'Thị trấn', 11, 158),
(2279, 'Phú Lộc', 'Xã', 11, 158),
(2280, 'Phú Xuân', 'Xã', 11, 158),
(2281, 'Tam Giang', 'Xã', 11, 158),
(2282, 'Ea Hiu', 'Xã', 11, 159),
(2283, 'Ea Kênh', 'Xã', 11, 159),
(2284, 'Ea Kly', 'Xã', 11, 159),
(2285, 'Ea Knuec', 'Xã', 11, 159),
(2286, 'Ea Kuăng', 'Xã', 11, 159),
(2287, 'Ea Phê', 'Xã', 11, 159),
(2288, 'Ea Uy', 'Xã', 11, 159),
(2289, 'Ea Yiêng', 'Xã', 11, 159),
(2290, 'Ea Yông', 'Xã', 11, 159),
(2291, 'Hòa An', 'Xã', 11, 159),
(2292, 'Hoà Đông', 'Xã', 11, 159),
(2293, 'Hòa Tiến', 'Xã', 11, 159),
(2294, 'Krông Búk', 'Xã', 11, 159),
(2295, 'Phước An', 'Thị trấn', 11, 159),
(2296, 'Tân Tiến', 'Xã', 11, 159),
(2297, 'Vụ Bổn', 'Xã', 11, 159),
(2298, 'Bông Krang', 'Xã', 11, 160),
(2299, 'Buôn Tría', 'Xã', 11, 160),
(2300, 'Buôn Triết', 'Xã', 11, 160),
(2301, 'Đắk Liêng', 'Xã', 11, 160),
(2302, 'Đắk Nuê', 'Xã', 11, 160),
(2303, 'Đắk Phơi', 'Xã', 11, 160),
(2304, 'Ea R\'bin', 'Xã', 11, 160),
(2305, 'Krông Nô', 'Xã', 11, 160),
(2306, 'Liên Sơn', 'Thị trấn', 11, 160),
(2307, 'Nam Ka', 'Xã', 11, 160),
(2308, 'Yang Tao', 'Xã', 11, 160),
(2309, 'Cư Króa', 'Xã', 11, 161),
(2310, 'Cư M\'ta', 'Xã', 11, 161),
(2311, 'Cư Prao', 'Xã', 11, 161),
(2312, 'Cư San', 'Xã', 11, 161),
(2313, 'Ea H\'mlay', 'Xã', 11, 161),
(2314, 'Ea Lai', 'Xã', 11, 161),
(2315, 'Ea M\' Doal', 'Xã', 11, 161),
(2316, 'Ea Pil', 'Xã', 11, 161),
(2317, 'Ea Riêng', 'Xã', 11, 161),
(2318, 'Ea Trang', 'Xã', 11, 161),
(2319, 'Krông Á', 'Xã', 11, 161),
(2320, 'Krông Jing', 'Xã', 11, 161),
(2321, 'M\'Drắk', 'Thị trấn', 11, 161),
(2322, 'Định Môn', 'Xã', 12, 162),
(2323, 'Đông Bình', 'Xã', 12, 162),
(2324, 'Đông Thuận', 'Xã', 12, 162),
(2325, 'Tân Thạnh', 'Xã', 12, 162),
(2326, 'Thới Lai', 'Thị trấn', 12, 162),
(2327, 'Thới Tân', 'Xã', 12, 162),
(2328, 'Thới Thạnh', 'Xã', 12, 162),
(2329, 'Trường Thắng', 'Xã', 12, 162),
(2330, 'Trường Thành', 'Xã', 12, 162),
(2331, 'Trường Xuân', 'Xã', 12, 162),
(2332, 'Trường Xuân A', 'Xã', 12, 162),
(2333, 'Trường Xuân B', 'Xã', 12, 162),
(2334, 'Xuân Thắng', 'Xã', 12, 162),
(2335, '8', 'Phường', 12, 163),
(2336, 'An Thới', 'Phường', 12, 163),
(2337, 'An Thới', 'Phường', 12, 163),
(2338, 'Bình Thủy', 'Phường', 12, 163),
(2339, 'Bùi Hữu Nghĩa', 'Phường', 12, 163),
(2340, 'Long Hòa', 'Phường', 12, 163),
(2341, 'Long Tuyền', 'Phường', 12, 163),
(2342, 'Thới An Đông', 'Phường', 12, 163),
(2343, 'Trà An', 'Phường', 12, 163),
(2344, 'Trà Nóc', 'Phường', 12, 163),
(2345, 'Ba Láng', 'Phường', 12, 164),
(2346, 'Hưng Phú', 'Phường', 12, 164),
(2347, 'Hưng Thạnh', 'Phường', 12, 164),
(2348, 'Lê Bình', 'Phường', 12, 164),
(2349, 'Phú Thứ', 'Phường', 12, 164),
(2350, 'Tân Phú', 'Phường', 12, 164),
(2351, 'Thường Thạnh', 'Phường', 12, 164),
(2352, 'Cờ Đỏ', 'Thị trấn', 12, 165),
(2353, 'Đông Hiệp', 'Xã', 12, 165),
(2354, 'Đông Thắng', 'Xã', 12, 165),
(2355, 'Thạnh Phú', 'Xã', 12, 165),
(2356, 'Thới Đông', 'Xã', 12, 165),
(2357, 'Thới Hưng', 'Xã', 12, 165),
(2358, 'Thới Xuân', 'Xã', 12, 165),
(2359, 'Trung An', 'Xã', 12, 165),
(2360, 'Trung Hưng', 'Xã', 12, 165),
(2361, 'Trung Thạnh', 'Xã', 12, 165),
(2362, 'An Bình', 'Phường', 12, 166),
(2363, 'An Cư', 'Phường', 12, 166),
(2364, 'An Hòa', 'Phường', 12, 166),
(2365, 'An Hội', 'Phường', 12, 166),
(2366, 'An Khánh', 'Phường', 12, 166),
(2367, 'An Lạc', 'Phường', 12, 166),
(2368, 'An Nghiệp', 'Phường', 12, 166),
(2369, 'An Phú', 'Phường', 12, 166),
(2370, 'An Thạnh', 'Phường', 12, 166),
(2371, 'Cái Khế', 'Phường', 12, 166),
(2372, 'Hưng Lợi', 'Phường', 12, 166),
(2373, 'Tân An', 'Phường', 12, 166),
(2374, 'Thới Bình', 'Phường', 12, 166),
(2375, 'Xuân Khánh', 'Phường', 12, 166),
(2376, 'Châu Văn Liêm', 'Phường', 12, 167),
(2377, 'Long Hưng', 'Phường', 12, 167),
(2378, 'Phước Thới', 'Phường', 12, 167),
(2379, 'Thới An', 'Phường', 12, 167),
(2380, 'Thới Hòa', 'Phường', 12, 167),
(2381, 'Thới Long', 'Phường', 12, 167),
(2382, 'Trường Lạc', 'Phường', 12, 167),
(2383, 'Giai Xuân', 'Xã', 12, 168),
(2384, 'Mỹ Khánh', 'Xã', 12, 168),
(2385, 'Nhơn Ái', 'Xã', 12, 168),
(2386, 'Nhơn Nghĩa', 'Xã', 12, 168),
(2387, 'Phong Điền', 'Thị trấn', 12, 168),
(2388, 'Tân Thới', 'Xã', 12, 168),
(2389, 'Trường Long', 'Xã', 12, 168),
(2390, 'Tân Hưng', 'Phường', 12, 169),
(2391, 'Tân Lộc', 'Phường', 12, 169),
(2392, 'Thạnh Hòa', 'Phường', 12, 169),
(2393, 'Thạnh Lộc', 'Xã', 12, 169),
(2394, 'Thới Thuận', 'Phường', 12, 169),
(2395, 'Thốt Nốt', 'Phường', 12, 169),
(2396, 'Thuận An', 'Phường', 12, 169),
(2397, 'Thuận Hưng', 'Phường', 12, 169),
(2398, 'Trung Kiên', 'Phường', 12, 169),
(2399, 'Trung Nhứt', 'Phường', 12, 169),
(2400, 'Thạnh An', 'Thị trấn', 12, 170),
(2401, 'Thạnh An', 'Xã', 12, 170),
(2402, 'Thạnh Lộc', 'Xã', 12, 170),
(2403, 'Thạnh Lợi', 'Xã', 12, 170),
(2404, 'Thạnh Mỹ', 'Xã', 12, 170),
(2405, 'Thạnh Quới', 'Xã', 12, 170),
(2406, 'Thạnh Thắng', 'Xã', 12, 170),
(2407, 'Thạnh Tiến', 'Xã', 12, 170),
(2408, 'Vĩnh Bình', 'Xã', 12, 170),
(2409, 'Vĩnh Thạnh', 'Thị trấn', 12, 170),
(2410, 'Vĩnh Trinh', 'Xã', 12, 170),
(2411, 'Bình An', 'Xã', 13, 171),
(2412, 'Bình Tân', 'Xã', 13, 171),
(2413, 'Chợ Lầu', 'Thị trấn', 13, 171),
(2414, 'Hải Ninh', 'Xã', 13, 171),
(2415, 'Hoà Thắng', 'Xã', 13, 171),
(2416, 'Hồng Phong', 'Xã', 13, 171),
(2417, 'Hồng Thái', 'Xã', 13, 171),
(2418, 'Lương Sơn', 'Thị trấn', 13, 171),
(2419, 'Phan Điền', 'Xã', 13, 171),
(2420, 'Phan Hiệp', 'Xã', 13, 171),
(2421, 'Phan Hoà', 'Xã', 13, 171),
(2422, 'Phan Lâm', 'Xã', 13, 171),
(2423, 'Phan Rí Thành', 'Xã', 13, 171),
(2424, 'Phan Sơn', 'Xã', 13, 171),
(2425, 'Phan Thanh', 'Xã', 13, 171),
(2426, 'Phan Tiến', 'Xã', 13, 171),
(2427, 'Sông Bình', 'Xã', 13, 171),
(2428, 'Sông Lũy', 'Xã', 13, 171),
(2429, 'Long Hải', 'Xã', 13, 172),
(2430, 'Ngũ Phụng', 'Xã', 13, 172),
(2431, 'Tam Thanh', 'Xã', 13, 172),
(2432, 'Đa Kai', 'Xã', 13, 173),
(2433, 'Đông Hà', 'Xã', 13, 173),
(2434, 'Đức Chính', 'Xã', 13, 173),
(2435, 'Đức Hạnh', 'Xã', 13, 173),
(2436, 'Đức Tài', 'Thị trấn', 13, 173),
(2437, 'Đức Tín', 'Xã', 13, 173),
(2438, 'Mê Pu', 'Xã', 13, 173),
(2439, 'Nam Chính', 'Xã', 13, 173),
(2440, 'Sùng Nhơn', 'Xã', 13, 173),
(2441, 'Tân Hà', 'Xã', 13, 173),
(2442, 'Trà Tân', 'Xã', 13, 173),
(2443, 'Võ Xu', 'Thị trấn', 13, 173),
(2444, 'Vũ Hòa', 'Xã', 13, 173),
(2445, 'Sơn Mỹ', 'Xã', 13, 174),
(2446, 'Sông Phan', 'Xã', 13, 174),
(2447, 'Tân Đức', 'Xã', 13, 174),
(2448, 'Tân Hà', 'Xã', 13, 174),
(2449, 'Tân Minh', 'Thị trấn', 13, 174),
(2450, 'Tân Nghĩa', 'Thị trấn', 13, 174),
(2451, 'Tân Phúc', 'Xã', 13, 174),
(2452, 'Tân Thắng', 'Xã', 13, 174),
(2453, 'Tân Xuân', 'Xã', 13, 174),
(2454, 'Thắng Hải', 'Xã', 13, 174),
(2455, 'Đa Mi', 'Xã', 13, 175),
(2456, 'Đông Giang', 'Xã', 13, 175),
(2457, 'Đông Tiến', 'Xã', 13, 175),
(2458, 'Hàm Chính', 'Xã', 13, 175),
(2459, 'Hàm Đức', 'Xã', 13, 175),
(2460, 'Hàm Hiệp', 'Xã', 13, 175),
(2461, 'Hàm Liêm', 'Xã', 13, 175),
(2462, 'Hàm Phú', 'Xã', 13, 175),
(2463, 'Hàm Thắng', 'Xã', 13, 175),
(2464, 'Hàm Trí', 'Xã', 13, 175),
(2465, 'Hồng Liêm', 'Xã', 13, 175),
(2466, 'Hồng Sơn', 'Xã', 13, 175),
(2467, 'La Dạ', 'Xã', 13, 175),
(2468, 'Ma Lâm', 'Thị trấn', 13, 175),
(2469, 'Mỹ Thạnh', 'Xã', 13, 175),
(2470, 'Phú Long', 'Thị trấn', 13, 175),
(2471, 'Thuận Hòa', 'Xã', 13, 175),
(2472, 'Thuận Minh', 'Xã', 13, 175),
(2473, 'Hàm Cần', 'Xã', 13, 176),
(2474, 'Hàm Cường', 'Xã', 13, 176),
(2475, 'Hàm Kiệm', 'Xã', 13, 176),
(2476, 'Hàm Minh', 'Xã', 13, 176),
(2477, 'Hàm Mỹ', 'Xã', 13, 176),
(2478, 'Hàm Thạnh', 'Xã', 13, 176),
(2479, 'Mương Mán', 'Xã', 13, 176),
(2480, 'Tân Lập', 'Xã', 13, 176),
(2481, 'Tân Thành', 'Xã', 13, 176),
(2482, 'Tân Thuận', 'Xã', 13, 176),
(2483, 'Thuận Nam', 'Thị trấn', 13, 176),
(2484, 'Thuận Quý', 'Xã', 13, 176),
(2485, 'Bình Tân', 'Phường', 13, 177),
(2486, 'Phước Hội', 'Phường', 13, 177),
(2487, 'Phước Lộc', 'Phường', 13, 177),
(2488, 'Tân An', 'Phường', 13, 177),
(2489, 'Tân Bình', 'Xã', 13, 177),
(2490, 'Tân Hải', 'Xã', 13, 177),
(2491, 'Tân Phước', 'Xã', 13, 177),
(2492, 'Tân Thiện', 'Phường', 13, 177),
(2493, 'Tân Tiến', 'Xã', 13, 177),
(2494, 'Bình Hưng', 'Phường', 13, 178),
(2495, 'Đức Long', 'Phường', 13, 178),
(2496, 'Đức Nghĩa', 'Phường', 13, 178),
(2497, 'Đức Thắng', 'Phường', 13, 178),
(2498, 'Hàm Tiến', 'Phường', 13, 178),
(2499, 'Hưng Long', 'Phường', 13, 178),
(2500, 'Lạc Đạo', 'Phường', 13, 178),
(2501, 'Mũi Né', 'Phường', 13, 178),
(2502, 'Phong Nẫm', 'Xã', 13, 178),
(2503, 'Phong Nẫm', 'Xã', 13, 178),
(2504, 'Phú Hài', 'Phường', 13, 178),
(2505, 'Phú Tài', 'Phường', 13, 178),
(2506, 'Phú Thủy', 'Phường', 13, 178),
(2507, 'Phú Trinh', 'Phường', 13, 178),
(2508, 'Thanh Hải', 'Phường', 13, 178),
(2509, 'Thiện Nghiệp', 'Xã', 13, 178),
(2510, 'Tiến Lợi', 'Xã', 13, 178),
(2511, 'Tiến Thành', 'Xã', 13, 178),
(2512, 'Xuân An', 'Phường', 13, 178),
(2513, 'Bắc Ruộng', 'Xã', 13, 179),
(2514, 'Đồng Kho', 'Xã', 13, 179),
(2515, 'Đức Bình', 'Xã', 13, 179),
(2516, 'Đức Phú', 'Xã', 13, 179),
(2517, 'Đức Tân', 'Xã', 13, 179),
(2518, 'Đức Thuận', 'Xã', 13, 179),
(2519, 'Gia An', 'Xã', 13, 179),
(2520, 'Gia Huynh', 'Xã', 13, 179),
(2521, 'Huy Khiêm', 'Xã', 13, 179),
(2522, 'La Ngâu', 'Xã', 13, 179),
(2523, 'Lạc Tánh', 'Thị trấn', 13, 179),
(2524, 'Măng Tố', 'Xã', 13, 179),
(2525, 'Nghị Đức', 'Xã', 13, 179),
(2526, 'Suối Kiết', 'Xã', 13, 179),
(2527, 'Bình Thạnh', 'Xã', 13, 180),
(2528, 'Chí Công', 'Xã', 13, 180),
(2529, 'Hoà Minh', 'Xã', 13, 180),
(2530, 'Hoà Phú', 'Xã', 13, 180),
(2531, 'Liên Hương', 'Thị trấn', 13, 180),
(2532, 'Phan Dũng', 'Xã', 13, 180),
(2533, 'Phan Rí Cửa', 'Thị trấn', 13, 180),
(2534, 'Phong Phú', 'Xã', 13, 180),
(2535, 'Phú Lạc', 'Xã', 13, 180),
(2536, 'Phước Thể', 'Xã', 13, 180),
(2537, 'Vĩnh Hảo', 'Xã', 13, 180),
(2538, 'Vĩnh Tân', 'Xã', 13, 180),
(2539, 'B\'Lá', 'Xã', 14, 181),
(2540, 'Lộc An', 'Xã', 14, 181),
(2541, 'Lộc Bắc', 'Xã', 14, 181),
(2542, 'Lộc Bảo', 'Xã', 14, 181),
(2543, 'Lộc Đức', 'Xã', 14, 181),
(2544, 'Lộc Lâm', 'Xã', 14, 181),
(2545, 'Lộc Nam', 'Xã', 14, 181),
(2546, 'Lộc Ngãi', 'Xã', 14, 181),
(2547, 'Lộc Phú', 'Xã', 14, 181),
(2548, 'Lộc Quảng', 'Xã', 14, 181),
(2549, 'Lộc Tân', 'Xã', 14, 181),
(2550, 'Lộc Thắng', 'Thị trấn', 14, 181),
(2551, 'Lộc Thành', 'Xã', 14, 181),
(2552, 'Tân Hương', 'Xã', 14, 181),
(2553, 'Tân Lạc', 'Xã', 14, 181),
(2554, '1', 'Phường', 14, 182),
(2555, '2', 'Phường', 14, 182),
(2556, 'B\'Lao', 'Phường', 14, 182),
(2557, 'Đại Lào', 'Xã', 14, 182),
(2558, 'Đam Bri', 'Xã', 14, 182),
(2559, 'Lộc Châu', 'Xã', 14, 182),
(2560, 'Lộc Nga', 'Xã', 14, 182),
(2561, 'Lộc Phát', 'Phường', 14, 182),
(2562, 'Lộc Sơn', 'Phường', 14, 182),
(2563, 'Lộc Thanh', 'Xã', 14, 182),
(2564, 'Lộc Tiến', 'Phường', 14, 182),
(2565, 'Đồng Nai', 'Thị trấn', 14, 183),
(2566, 'Đồng Nai Thượng', 'Xã', 14, 183),
(2567, 'Đức Phổ', 'Xã', 14, 183),
(2568, 'Gia Viễn', 'Xã', 14, 183),
(2569, 'Mỹ Lâm', 'Xã', 14, 183),
(2570, 'Nam Ninh', 'Xã', 14, 183),
(2571, 'Phù Mỹ', 'Xã', 14, 183),
(2572, 'Phước Cát 1', 'Xã', 14, 183),
(2573, 'Phước Cát 2', 'Xã', 14, 183),
(2574, 'Quảng Ngãi', 'Xã', 14, 183),
(2575, 'Tiên Hoàng', 'Xã', 14, 183),
(2576, 'Tư Nghĩa', 'Xã', 14, 183),
(2577, 'Đạ M\'Ri', 'Thị trấn', 14, 184),
(2578, 'Đạ M\'Ri', 'Xã', 14, 184),
(2579, 'Đạ Oai', 'Xã', 14, 184),
(2580, 'Đạ Ploa', 'Xã', 14, 184),
(2581, 'Đạ Tồn', 'Xã', 14, 184),
(2582, 'Đoàn Kết', 'Xã', 14, 184),
(2583, 'Hà Lâm', 'Xã', 14, 184),
(2584, 'Ma Đa Guôi', 'Thị trấn', 14, 184),
(2585, 'Ma Đa Guôi', 'Xã', 14, 184),
(2586, 'Phước Lộc', 'Xã', 14, 184),
(2587, '1', 'Phường', 14, 185),
(2588, '10', 'Phường', 14, 185),
(2589, '11', 'Phường', 14, 185),
(2590, '12', 'Phường', 14, 185),
(2591, '2', 'Phường', 14, 185),
(2592, '3', 'Phường', 14, 185),
(2593, '4', 'Phường', 14, 185),
(2594, '5', 'Phường', 14, 185),
(2595, '6', 'Phường', 14, 185),
(2596, '7', 'Phường', 14, 185),
(2597, '8', 'Phường', 14, 185),
(2598, '9', 'Phường', 14, 185),
(2599, 'Tà Nung', 'Xã', 14, 185),
(2600, 'Trạm Hành', 'Xã', 14, 185),
(2601, 'Xuân Thọ', 'Xã', 14, 185),
(2602, 'Xuân Trường', 'Xã', 14, 185),
(2603, 'An Nhơn', 'Xã', 14, 186),
(2604, 'Đạ Kho', 'Xã', 14, 186),
(2605, 'Đạ Lây', 'Xã', 14, 186),
(2606, 'Đạ Pal', 'Xã', 14, 186),
(2607, 'Đạ Tẻh', 'Thị trấn', 14, 186),
(2608, 'Hà Đông', 'Xã', 14, 186),
(2609, 'Hương Lâm', 'Xã', 14, 186),
(2610, 'Mỹ Đức', 'Xã', 14, 186),
(2611, 'Quảng Trị', 'Xã', 14, 186),
(2612, 'Quốc Oai', 'Xã', 14, 186),
(2613, 'Triệu Hải', 'Xã', 14, 186),
(2614, 'Đạ K’Nàng', 'Xã', 14, 187),
(2615, 'Đạ Long', 'Xã', 14, 187),
(2616, 'Đạ M\'Rông', 'Xã', 14, 187),
(2617, 'Đạ Rsal', 'Xã', 14, 187),
(2618, 'Đạ Tông', 'Xã', 14, 187),
(2619, 'Liêng S’Roin', 'Xã', 14, 187),
(2620, 'Phi Liêng', 'Xã', 14, 187),
(2621, 'Rô Men', 'Xã', 14, 187),
(2622, 'Bảo Thuận', 'Xã', 14, 188),
(2623, 'Di Linh', 'Thị trấn', 14, 188),
(2624, 'Đinh Lạc', 'Xã', 14, 188),
(2625, 'Đinh Trang Hoà', 'Xã', 14, 188),
(2626, 'Đinh Trang Thượng', 'Xã', 14, 188),
(2627, 'Gia Bắc', 'Xã', 14, 188),
(2628, 'Gia Hiệp', 'Xã', 14, 188),
(2629, 'Gung Ré', 'Xã', 14, 188),
(2630, 'Hoà Bắc', 'Xã', 14, 188),
(2631, 'Hoà Nam', 'Xã', 14, 188),
(2632, 'Hoà Ninh', 'Xã', 14, 188),
(2633, 'Hoà Trung', 'Xã', 14, 188),
(2634, 'Liên Đầm', 'Xã', 14, 188),
(2635, 'Sơn Điền', 'Xã', 14, 188),
(2636, 'Tam Bố', 'Xã', 14, 188),
(2637, 'Tân Châu', 'Xã', 14, 188),
(2638, 'Tân Lâm', 'Xã', 14, 188),
(2639, 'Tân Nghĩa', 'Xã', 14, 188),
(2640, 'Tân Thượng', 'Xã', 14, 188),
(2641, 'Đạ Ròn', 'Xã', 14, 189),
(2642, 'D\'ran', 'Thị trấn', 14, 189),
(2643, 'Ka Đô', 'Xã', 14, 189),
(2644, 'Ka Đơn', 'Xã', 14, 189),
(2645, 'Lạc Lâm', 'Xã', 14, 189),
(2646, 'Lạc Xuân', 'Xã', 14, 189),
(2647, 'Pró', 'Xã', 14, 189),
(2648, 'Quảng Lập', 'Xã', 14, 189),
(2649, 'Thạnh Mỹ', 'Thị trấn', 14, 189),
(2650, 'Tu Tra', 'Xã', 14, 189),
(2651, 'Bình Thạnh', 'Xã', 14, 190),
(2652, 'Đà Loan', 'Xã', 14, 190),
(2653, 'Đa Quyn', 'Xã', 14, 190),
(2654, 'Hiệp An', 'Xã', 14, 190),
(2655, 'Hiệp Thạnh', 'Xã', 14, 190),
(2656, 'Liên Hiệp', 'Xã', 14, 190),
(2657, 'Liên Nghĩa', 'Thị trấn', 14, 190),
(2658, 'Ninh Gia', 'Xã', 14, 190),
(2659, 'Ninh Loan', 'Xã', 14, 190),
(2660, 'N\'Thol Hạ', 'Xã', 14, 190),
(2661, 'Phú Hội', 'Xã', 14, 190),
(2662, 'Tà Hine', 'Xã', 14, 190),
(2663, 'Tà Năng', 'Xã', 14, 190),
(2664, 'Tân Hội', 'Xã', 14, 190),
(2665, 'Tân Thành', 'Xã', 14, 190),
(2666, 'Đạ Chais', 'Xã', 14, 191),
(2667, 'Đạ Nhim', 'Xã', 14, 191),
(2668, 'Đạ Sar', 'Xã', 14, 191),
(2669, 'Đưng KNớ', 'Xã', 14, 191),
(2670, 'Lạc Dương', 'Thị trấn', 14, 191),
(2671, 'Lát', 'Xã', 14, 191),
(2672, 'Đạ Đờn', 'Xã', 14, 192),
(2673, 'Đan Phượng', 'Xã', 14, 192),
(2674, 'Đinh Văn', 'Thị trấn', 14, 192),
(2675, 'Đông Thanh', 'Xã', 14, 192),
(2676, 'Gia Lâm', 'Xã', 14, 192),
(2677, 'Hoài Đức', 'Xã', 14, 192),
(2678, 'Liên Hà', 'Xã', 14, 192),
(2679, 'Mê Linh', 'Xã', 14, 192),
(2680, 'Nam Ban', 'Thị trấn', 14, 192),
(2681, 'Nam Hà', 'Xã', 14, 192),
(2682, 'Phi Tô', 'Xã', 14, 192),
(2683, 'Phú Sơn', 'Xã', 14, 192),
(2684, 'Phúc Thọ', 'Xã', 14, 192),
(2685, 'Tân Hà', 'Xã', 14, 192),
(2686, 'Tân Thanh', 'Xã', 14, 192),
(2687, 'Tân Văn', 'Xã', 14, 192),
(2688, 'A Đớt', 'Xã', 15, 193),
(2689, 'A Lưới', 'Thị trấn', 15, 193),
(2690, 'A Ngo', 'Xã', 15, 193),
(2691, 'A Roằng', 'Xã', 15, 193),
(2692, 'Bắc Sơn', 'Xã', 15, 193),
(2693, 'Đông Sơn', 'Xã', 15, 193),
(2694, 'Hồng Bắc', 'Xã', 15, 193),
(2695, 'Hồng Hạ', 'Xã', 15, 193),
(2696, 'Hồng Kim', 'Xã', 15, 193),
(2697, 'Hồng Nam', 'Xã', 15, 193),
(2698, 'Hồng Quảng', 'Xã', 15, 193),
(2699, 'Hồng Thái', 'Xã', 15, 193),
(2700, 'Hồng Thượng', 'Xã', 15, 193),
(2701, 'Hồng Thủy', 'Xã', 15, 193),
(2702, 'Hồng Trung', 'Xã', 15, 193),
(2703, 'Hồng Vân', 'Xã', 15, 193),
(2704, 'Hương Lâm', 'Xã', 15, 193),
(2705, 'Hương Nguyên', 'Xã', 15, 193),
(2706, 'Hương Phong', 'Xã', 15, 193),
(2707, 'Nhâm', 'Xã', 15, 193),
(2708, 'Phú Vinh', 'Xã', 15, 193),
(2709, 'Sơn Thủy', 'Xã', 15, 193),
(2710, 'An Cựu', 'Phường', 15, 194),
(2711, 'An Đông', 'Phường', 15, 194),
(2712, 'An Hòa', 'Phường', 15, 194),
(2713, 'An Tây', 'Phường', 15, 194),
(2714, 'Đúc', 'Phường', 15, 194),
(2715, 'Hương Long', 'Phường', 15, 194),
(2716, 'Hương Sơ', 'Phường', 15, 194),
(2717, 'Kim Long', 'Phường', 15, 194),
(2718, 'Phú Bình', 'Phường', 15, 194),
(2719, 'Phú Cát', 'Phường', 15, 194),
(2720, 'Phú Hậu', 'Phường', 15, 194),
(2721, 'Phú Hiệp', 'Phường', 15, 194),
(2722, 'Phú Hòa', 'Phường', 15, 194),
(2723, 'Phú Hội', 'Phường', 15, 194),
(2724, 'Phú Nhuận', 'Phường', 15, 194),
(2725, 'Phú Thuận', 'Phường', 15, 194),
(2726, 'Phước Vĩnh', 'Phường', 15, 194),
(2727, 'Phường Đúc', 'Phường', 15, 194),
(2728, 'Tây Lộc', 'Phường', 15, 194),
(2729, 'Thuận Hòa', 'Phường', 15, 194),
(2730, 'Thuận Lộc', 'Phường', 15, 194),
(2731, 'Thuận Thành', 'Phường', 15, 194),
(2732, 'Thủy An', 'Xã', 15, 194),
(2733, 'Thủy Biều', 'Phường', 15, 194),
(2734, 'Thủy Xuân', 'Phường', 15, 194),
(2735, 'Trường An', 'Phường', 15, 194),
(2736, 'Vĩ Dạ', 'Phường', 15, 194),
(2737, 'Vĩnh Ninh', 'Phường', 15, 194),
(2738, 'Xuân Phú', 'Phường', 15, 194),
(2739, 'Dương Hòa', 'Xã', 15, 195),
(2740, 'Phú Bài', 'Phường', 15, 195),
(2741, 'Phú Sơn', 'Xã', 15, 195),
(2742, 'Thủy Bằng', 'Xã', 15, 195),
(2743, 'Thủy Châu', 'Phường', 15, 195),
(2744, 'Thuỷ Dương', 'Phường', 15, 195),
(2745, 'Thủy Dương', 'Phường', 15, 195),
(2746, 'Thủy Lương', 'Phường', 15, 195),
(2747, 'Thủy Phù', 'Xã', 15, 195),
(2748, 'Thủy Phương', 'Phường', 15, 195),
(2749, 'Thủy Tân', 'Xã', 15, 195),
(2750, 'Thủy Thanh', 'Xã', 15, 195),
(2751, 'Thuỷ Vân', 'Xã', 15, 195),
(2752, 'Thủy Vân', 'Xã', 15, 195),
(2753, 'Bình Điền', 'Xã', 15, 196),
(2754, 'Bình Thành', 'Phường', 15, 196),
(2755, 'Hải Dương', 'Xã', 15, 196),
(2756, 'Hồng Tiến', 'Phường', 15, 196),
(2757, 'Hương An', 'Phường', 15, 196),
(2758, 'Hương Bình', 'Xã', 15, 196),
(2759, 'Hương Chữ', 'Phường', 15, 196),
(2760, 'Hương Hồ', 'Phường', 15, 196),
(2761, 'Hương Phong', 'Xã', 15, 196),
(2762, 'Hương Thọ', 'Phường', 15, 196),
(2763, 'Hương Toàn', 'Xã', 15, 196),
(2764, 'Hương Vân', 'Phường', 15, 196),
(2765, 'Hương Văn', 'Phường', 15, 196),
(2766, 'Hương Vinh', 'Xã', 15, 196),
(2767, 'Hương Xuân', 'Phường', 15, 196),
(2768, 'Tứ Hạ', 'Phường', 15, 196),
(2769, 'Hương Giang', 'Xã', 15, 197),
(2770, 'Hương Hoà', 'Xã', 15, 197),
(2771, 'Hương Hữu', 'Xã', 15, 197),
(2772, 'Hương Lộc', 'Xã', 15, 197),
(2773, 'Hương Phú', 'Xã', 15, 197),
(2774, 'Hương Sơn', 'Xã', 15, 197),
(2775, 'Khe Tre', 'Thị trấn', 15, 197),
(2776, 'Thượng Lộ', 'Xã', 15, 197),
(2777, 'Thượng Long', 'Xã', 15, 197),
(2778, 'Thượng Nhật', 'Xã', 15, 197),
(2779, 'Thượng Quảng', 'Xã', 15, 197),
(2780, 'Điền Hải', 'Xã', 15, 198),
(2781, 'Điền Hoà', 'Xã', 15, 198),
(2782, 'Điền Hương', 'Xã', 15, 198),
(2783, 'Điền Lộc', 'Xã', 15, 198),
(2784, 'Điền Môn', 'Xã', 15, 198),
(2785, 'Phong An', 'Xã', 15, 198),
(2786, 'Phong Bình', 'Xã', 15, 198),
(2787, 'Phong Chương', 'Xã', 15, 198),
(2788, 'Phong Điền', 'Thị trấn', 15, 198),
(2789, 'Phong Hải', 'Xã', 15, 198),
(2790, 'Phong Hiền', 'Xã', 15, 198),
(2791, 'Phong Hoà', 'Xã', 15, 198),
(2792, 'Phong Mỹ', 'Xã', 15, 198),
(2793, 'Phong Sơn', 'Xã', 15, 198),
(2794, 'Phong Th', 'Xã', 15, 198),
(2795, 'Phong Thu', 'Xã', 15, 198),
(2796, 'Phong Xuân', 'Xã', 15, 198),
(2797, 'Lăng Cô', 'Thị trấn', 15, 199),
(2798, 'Lộc An', 'Xã', 15, 199),
(2799, 'Lộc Bình', 'Xã', 15, 199),
(2800, 'Lộc Bổn', 'Xã', 15, 199),
(2801, 'Lộc Điền', 'Xã', 15, 199),
(2802, 'Lộc Hòa', 'Xã', 15, 199),
(2803, 'Lộc Sơn', 'Xã', 15, 199),
(2804, 'Lộc Thủy', 'Xã', 15, 199),
(2805, 'Lộc Tiến', 'Xã', 15, 199),
(2806, 'Lộc Trì', 'Xã', 15, 199),
(2807, 'Lộc Vĩnh', 'Xã', 15, 199),
(2808, 'Phú Lộc', 'Thị trấn', 15, 199),
(2809, 'Vinh Giang', 'Xã', 15, 199),
(2810, 'Vinh Hải', 'Xã', 15, 199),
(2811, 'Vinh Hiền', 'Xã', 15, 199),
(2812, 'Vinh Hưng', 'Xã', 15, 199),
(2813, 'Vinh Mỹ', 'Xã', 15, 199),
(2814, 'Xuân Lộc', 'Xã', 15, 199),
(2815, 'Phú An', 'Xã', 15, 200),
(2816, 'Phú Đa', 'Thị trấn', 15, 200),
(2817, 'Phú Diên', 'Xã', 15, 200),
(2818, 'Phú Dương', 'Xã', 15, 200),
(2819, 'Phú Hải', 'Xã', 15, 200),
(2820, 'Phú Hồ', 'Xã', 15, 200),
(2821, 'Phú Lương', 'Xã', 15, 200),
(2822, 'Phú Mậu', 'Xã', 15, 200),
(2823, 'Phú Mỹ', 'Xã', 15, 200),
(2824, 'Phú Thanh', 'Xã', 15, 200),
(2825, 'Phú Thuận', 'Xã', 15, 200),
(2826, 'Phú Thượng', 'Xã', 15, 200),
(2827, 'Phú Xuân', 'Xã', 15, 200),
(2828, 'Thuận An', 'Thị trấn', 15, 200),
(2829, 'Vinh An', 'Xã', 15, 200),
(2830, 'Vinh Hà', 'Xã', 15, 200),
(2831, 'Vinh Phú', 'Xã', 15, 200),
(2832, 'Vinh Thái', 'Xã', 15, 200),
(2833, 'Vinh Thanh', 'Xã', 15, 200),
(2834, 'Vinh Xuân', 'Xã', 15, 200),
(2835, 'Quảng An', 'Xã', 15, 201),
(2836, 'Quảng Công', 'Xã', 15, 201),
(2837, 'Quảng Lợi', 'Xã', 15, 201),
(2838, 'Quảng Ngạn', 'Xã', 15, 201),
(2839, 'Quảng Phú', 'Xã', 15, 201),
(2840, 'Quảng Phước', 'Xã', 15, 201),
(2841, 'Quảng Thái', 'Xã', 15, 201),
(2842, 'Quảng Thành', 'Xã', 15, 201),
(2843, 'Quảng Thọ', 'Xã', 15, 201),
(2844, 'Quảng Vinh', 'Xã', 15, 201),
(2845, 'Sịa', 'Thị trấn', 15, 201),
(2846, 'Đông Thái', 'Xã', 16, 202),
(2847, 'Đông Yên', 'Xã', 16, 202),
(2848, 'Hưng Yên', 'Xã', 16, 202),
(2849, 'Nam Thái', 'Xã', 16, 202),
(2850, 'Nam Thái A', 'Xã', 16, 202),
(2851, 'Nam Yên', 'Xã', 16, 202),
(2852, 'Tây Yên', 'Xã', 16, 202),
(2853, 'Tây Yên A', 'Xã', 16, 202),
(2854, 'Thứ Ba', 'Thị trấn', 16, 202),
(2855, 'Đông Hoà', 'Xã', 16, 203),
(2856, 'Đông Hưng', 'Xã', 16, 203),
(2857, 'Đông Hưng A', 'Xã', 16, 203),
(2858, 'Đông Hưng B', 'Xã', 16, 203),
(2859, 'Đông Thạnh', 'Xã', 16, 203),
(2860, 'Tân Thạnh', 'Xã', 16, 203),
(2861, 'Thứ Mười Một', 'Thị trấn', 16, 203),
(2862, 'Thuận Hoà', 'Xã', 16, 203),
(2863, 'Vân Khánh', 'Xã', 16, 203),
(2864, 'Vân Khánh Đông', 'Xã', 16, 203),
(2865, 'Vân Khánh Tây', 'Xã', 16, 203),
(2866, 'Bình An', 'Xã', 16, 204),
(2867, 'Giục Tượng', 'Xã', 16, 204),
(2868, 'Minh Hoà', 'Xã', 16, 204),
(2869, 'Minh Lương', 'Thị trấn', 16, 204),
(2870, 'Mong Thọ', 'Xã', 16, 204),
(2871, 'Mong Thọ A', 'Xã', 16, 204),
(2872, 'Mong Thọ B', 'Xã', 16, 204),
(2873, 'Thanh Lộc', 'Xã', 16, 204),
(2874, 'Vĩnh Hoà Hiệp', 'Xã', 16, 204),
(2875, 'Vĩnh Hòa Phú', 'Xã', 16, 204),
(2876, 'Phú Lợi', 'Xã', 16, 205),
(2877, 'Phú Mỹ', 'Xã', 16, 205),
(2878, 'Tân Khánh Hoà', 'Xã', 16, 205),
(2879, 'Vĩnh Điều', 'Xã', 16, 205),
(2880, 'Vĩnh Phú ', 'Xã', 16, 205),
(2881, 'Bàn Tân Định', 'Xã', 16, 206),
(2882, 'Bàn Thạch', 'Xã', 16, 206),
(2883, 'Giồng Riềng', 'Thị trấn', 16, 206),
(2884, 'Hoà An', 'Xã', 16, 206),
(2885, 'Hoà Hưng', 'Xã', 16, 206),
(2886, 'Hoà Lợi', 'Xã', 16, 206),
(2887, 'Hoà Thuận', 'Xã', 16, 206),
(2888, 'Long Thạnh', 'Xã', 16, 206),
(2889, 'Ngọc Chúc', 'Xã', 16, 206),
(2890, 'Ngọc Hoà', 'Xã', 16, 206),
(2891, 'Ngọc Thành', 'Xã', 16, 206),
(2892, 'Ngọc Thuận', 'Xã', 16, 206),
(2893, 'Thạnh Bình', 'Xã', 16, 206),
(2894, 'Thạnh Hoà', 'Xã', 16, 206),
(2895, 'Thạnh Hưng', 'Xã', 16, 206),
(2896, 'Thạnh Lộc', 'Xã', 16, 206),
(2897, 'Thạnh Phước', 'Xã', 16, 206),
(2898, 'Vĩnh Phú', 'Xã', 16, 206),
(2899, 'Vĩnh Thạnh', 'Xã', 16, 206),
(2900, 'Định An', 'Xã', 16, 207),
(2901, 'Định Hòa', 'Xã', 16, 207),
(2902, 'Gò Quao', 'Thị trấn', 16, 207),
(2903, 'Thới Quản', 'Xã', 16, 207),
(2904, 'Thủy Liểu', 'Xã', 16, 207),
(2905, 'Vĩnh Hòa Hưng Bắc', 'Xã', 16, 207),
(2906, 'Vĩnh Hòa Hưng Nam', 'Xã', 16, 207),
(2907, 'Vĩnh Phước A', 'Xã', 16, 207),
(2908, 'Vĩnh Phước B', 'Xã', 16, 207),
(2909, 'Vĩnh Thắng ', 'Xã', 16, 207),
(2910, 'Vĩnh Tuy', 'Xã', 16, 207),
(2911, 'Bình San', 'Phường', 16, 208),
(2912, 'Đông Hồ', 'Phường', 16, 208),
(2913, 'Mỹ Đức', 'Xã', 16, 208),
(2914, 'Pháo Đài', 'Phường', 16, 208),
(2915, 'Thuận Yên', 'Xã', 16, 208),
(2916, 'Tiên Hải', 'Xã', 16, 208),
(2917, 'Tô Châu', 'Phường', 16, 208),
(2918, 'Bình Giang', 'Xã', 16, 209),
(2919, 'Bình Sơn', 'Xã', 16, 209),
(2920, 'Hòn Đất', 'Thị trấn', 16, 209),
(2921, 'Lình Huỳnh', 'Xã', 16, 209),
(2922, 'Mỹ Hiệp Sơn', 'Xã', 16, 209),
(2923, 'Mỹ Lâm', 'Xã', 16, 209),
(2924, 'Mỹ Phước', 'Xã', 16, 209),
(2925, 'Mỹ Thái', 'Xã', 16, 209),
(2926, 'Mỹ Thuận', 'Xã', 16, 209),
(2927, 'Nam Thái Sơn', 'Xã', 16, 209),
(2928, 'Sóc Sơn', 'Thị trấn', 16, 209),
(2929, 'Sơn Bình', 'Xã', 16, 209),
(2930, 'Sơn Kiên', 'Xã', 16, 209),
(2931, 'Thổ Sơn', 'Xã', 16, 209),
(2932, 'An Sơn', 'Xã', 16, 210),
(2933, 'Hòn Tre', 'Xã', 16, 210),
(2934, 'Lại Sơn', 'Xã', 16, 210),
(2935, 'Nam Du', 'Xã', 16, 210),
(2936, 'Bình An', 'Xã', 16, 211),
(2937, 'Bình Trị', 'Xã', 16, 211),
(2938, 'Dương Hoà', 'Xã', 16, 211),
(2939, 'Hoà Điền', 'Xã', 16, 211),
(2940, 'Hòn Nghệ ', 'Xã', 16, 211),
(2941, 'Kiên Bình', 'Xã', 16, 211),
(2942, 'Kiên Lương', 'Thị trấn', 16, 211),
(2943, 'Sơn Hải', 'Xã', 16, 211),
(2944, 'An Thới', 'Thị trấn', 16, 212),
(2945, 'Bãi Thơm', 'Xã', 16, 212),
(2946, 'Cửa Cạn', 'Xã', 16, 212),
(2947, 'Cửa Dương', 'Xã', 16, 212),
(2948, 'Dương Đông', 'Thị trấn', 16, 212),
(2949, 'Dương Tơ', 'Xã', 16, 212),
(2950, 'Gành Dầu', 'Xã', 16, 212),
(2951, 'Hàm Ninh', 'Xã', 16, 212),
(2952, 'Hòn Thơm', 'Xã', 16, 212),
(2953, 'Thổ Châu', 'Xã', 16, 212),
(2954, ' Vĩnh Thanh Vân', 'Phường', 16, 213),
(2955, 'An Bình', 'Phường', 16, 213),
(2956, 'An Hòa', 'Phường', 16, 213),
(2957, 'Phi Thông', 'Xã', 16, 213),
(2958, 'Rạch Sỏi', 'Phường', 16, 213),
(2959, 'Vĩnh Bảo', 'Phường', 16, 213),
(2960, 'Vĩnh Hiệp', 'Phường', 16, 213),
(2961, 'Vĩnh Lạc', 'Phường', 16, 213),
(2962, 'Vĩnh Lợi', 'Phường', 16, 213),
(2963, 'Vĩnh Quang', 'Phường', 16, 213),
(2964, 'Vĩnh Thanh', 'Phường', 16, 213),
(2965, 'Vĩnh Thông', 'Phường', 16, 213),
(2966, 'Tân An', 'Xã', 16, 214),
(2967, 'Tân Hiệp', 'Thị trấn', 16, 214),
(2968, 'Tân Hiệp A', 'Xã', 16, 214),
(2969, 'Tân Hiệp B', 'Xã', 16, 214),
(2970, 'Tân Hòa', 'Xã', 16, 214),
(2971, 'Tân Hội', 'Xã', 16, 214),
(2972, 'Tân Thành', 'Xã', 16, 214),
(2973, 'Thạnh Đông', 'Xã', 16, 214),
(2974, 'Thạnh Đông A', 'Xã', 16, 214),
(2975, 'Thạnh Đông B', 'Xã', 16, 214),
(2976, 'Thạnh Trị', 'Xã', 16, 214),
(2977, 'An Minh Bắc', 'Xã', 16, 215),
(2978, 'Hòa Chánh', 'Xã', 16, 215),
(2979, 'Minh Thuận', 'Xã', 16, 215),
(2980, 'Thạnh Yên ', 'Xã', 16, 215),
(2981, 'Thạnh Yên A', 'Xã', 16, 215),
(2982, 'Vĩnh Hòa ', 'Xã', 16, 215),
(2983, 'Bình Minh', 'Xã', 16, 216),
(2984, 'Phong Đông', 'Xã', 16, 216),
(2985, 'Tân Thuận', 'Xã', 16, 216),
(2986, 'Vĩnh Bình Bắc', 'Xã', 16, 216),
(2987, 'Vĩnh Bình Nam', 'Xã', 16, 216),
(2988, 'Vĩnh Phong', 'Xã', 16, 216),
(2989, 'Vĩnh Thuận', 'Thị trấn', 16, 216),
(2990, 'Vĩnh Thuận', 'Xã', 16, 216),
(2991, 'Đại Phúc', 'Phường', 17, 217),
(2992, 'Đáp Cầu', 'Phường', 17, 217),
(2993, 'Hạp Lĩnh', 'Phường', 17, 217),
(2994, 'Hòa Long', 'Xã', 17, 217),
(2995, 'Khắc Niệm', 'Xã', 17, 217),
(2996, 'Khúc Xuyên', 'Xã', 17, 217),
(2997, 'Kim Chân', 'Xã', 17, 217),
(2998, 'Kinh Bắc', 'Phường', 17, 217),
(2999, 'Nam Sơn', 'Xã', 17, 217),
(3000, 'Ninh Xá', 'Phường', 17, 217),
(3001, 'Phong Khê', 'Xã', 17, 217),
(3002, 'Suối Hoa', 'Phường', 17, 217),
(3003, 'Thị Cầu', 'Xã', 17, 217),
(3004, 'Tiền An', 'Xã', 17, 217),
(3005, 'Vạn An', 'Phường', 17, 217),
(3006, 'Vân Dương', 'Phường', 17, 217),
(3007, 'Vệ An', 'Phường', 17, 217),
(3008, 'Võ Cường', 'Phường', 17, 217),
(3009, 'Vũ Ninh', 'Phường', 17, 217),
(3010, 'Bình Dương', 'Xã', 17, 218),
(3011, 'Cao Đức', 'Xã', 17, 218),
(3012, 'Đại Bái', 'Xã', 17, 218),
(3013, 'Đại Lai', 'Xã', 17, 218),
(3014, 'Đông Cứu', 'Xã', 17, 218),
(3015, 'Gia Bình', 'Thị trấn', 17, 218),
(3016, 'Giang Sơn', 'Xã', 17, 218),
(3017, 'Lãng Ngâm', 'Xã', 17, 218),
(3018, 'Nhân Thắng', 'Xã', 17, 218),
(3019, 'Quỳnh Phú', 'Xã', 17, 218),
(3020, 'Song Giang', 'Xã', 17, 218),
(3021, 'Thái Bảo', 'Xã', 17, 218),
(3022, 'Vạn Ninh', 'Xã', 17, 218),
(3023, 'Xuân Lai', 'Xã', 17, 218),
(3024, 'An Thịnh', 'Xã', 17, 219),
(3025, 'Bình Định', 'Xã', 17, 219);

--
-- Các ràng buộc cho các bảng đã đổ
--

--
-- Các ràng buộc cho bảng `booking`
--
ALTER TABLE `booking`
  ADD CONSTRAINT `booking_ibfk_1` FOREIGN KEY (`roomID`) REFERENCES `room` (`id`);

--
-- Các ràng buộc cho bảng `host`
--
ALTER TABLE `host`
  ADD CONSTRAINT `host_ibfk_1` FOREIGN KEY (`userID`) REFERENCES `user` (`Id`);

--
-- Các ràng buộc cho bảng `images`
--
ALTER TABLE `images`
  ADD CONSTRAINT `images_ibfk_1` FOREIGN KEY (`roomID`) REFERENCES `room` (`id`);

--
-- Các ràng buộc cho bảng `payment`
--
--ALTER TABLE `payment`
-- ADD CONSTRAINT `payment_ibfk_1` FOREIGN KEY (`bookingID`) REFERENCES `booking` (`id`);

--
-- Các ràng buộc cho bảng `post`
--
ALTER TABLE `post`
  ADD CONSTRAINT `post_ibfk_1` FOREIGN KEY (`roomID`) REFERENCES `room` (`id`),
  ADD CONSTRAINT `post_stts` FOREIGN KEY (`status`) REFERENCES `status_post` (`id`);

--
-- Các ràng buộc cho bảng `room`
--
ALTER TABLE `room`
  ADD CONSTRAINT `room_ibfk_1` FOREIGN KEY (`hostID`) REFERENCES `host` (`id`),
  ADD CONSTRAINT `room_ward` FOREIGN KEY (`ward_id`) REFERENCES `ward` (`id`) ON DELETE CASCADE;

-- AUTO_INCREMENT for table `activate_code`
--
ALTER TABLE `activate_code`
  MODIFY `Id` int(11) NOT NULL AUTO_INCREMENT, AUTO_INCREMENT=3;

COMMIT;



/*!40101 SET CHARACTER_SET_CLIENT=@OLD_CHARACTER_SET_CLIENT */;
/*!40101 SET CHARACTER_SET_RESULTS=@OLD_CHARACTER_SET_RESULTS */;
/*!40101 SET COLLATION_CONNECTION=@OLD_COLLATION_CONNECTION */;
